file,rows,activity_folder,columns
/home/vinh_shindo/safewatch-fall-detector-edge-ai/data/raw/WEDA-FALL/dataset/5Hz/D01/U01_R01_accel.csv,95,D01,"accel_time_list, accel_x_list, accel_y_list, accel_z_list"
/home/vinh_shindo/safewatch-fall-detector-edge-ai/data/raw/WEDA-FALL/dataset/5Hz/D01/U01_R02_accel.csv,94,D01,"accel_time_list, accel_x_list, accel_y_list, accel_z_list"
/home/vinh_shindo/safewatch-fall-detector-edge-ai/data/raw/WEDA-FALL/dataset/5Hz/D01/U01_R03_accel.csv,91,D01,"accel_time_list, accel_x_list, accel_y_list, accel_z_list"
/home/vinh_shindo/safewatch-fall-detector-edge-ai/data/raw/WEDA-FALL/dataset/5Hz/D01/U02_R01_accel.csv,135,D01,"accel_time_list, accel_x_list, accel_y_list, accel_z_list"
/home/vinh_shindo/safewatch-fall-detector-edge-ai/data/raw/WEDA-FALL/dataset/5Hz/D01/U02_R02_accel.csv,140,D01,"accel_time_list, accel_x_list, accel_y_list, accel_z_list"
/home/vinh_shindo/safewatch-fall-detector-edge-ai/data/raw/WEDA-FALL/dataset/5Hz/D01/U02_R03_accel.csv,130,D01,"accel_time_list, accel_x_list, accel_y_list, accel_z_list"
/home/vinh_shindo/safewatch-fall-detector-edge-ai/data/raw/WEDA-FALL/dataset/5Hz/D01/U03_R01_accel.csv,78,D01,"accel_time_list, accel_x_list, accel_y_list, accel_z_list"
/home/vinh_shindo/safewatch-fall-detector-edge-ai/data/raw/WEDA-FALL/dataset/5Hz/D01/U03_R02_accel.csv,65,D01,"accel_time_list, accel_x_list, accel_y_list, accel_z_list"
/home/vinh_shindo/safewatch-fall-detector-edge-ai/data/raw/WEDA-FALL/dataset/5Hz/D01/U03_R03_accel.csv,66,D01,"accel_time_list, accel_x_list, accel_y_list, accel_z_list"
/home/vinh_shindo/safewatch-fall-detector-edge-ai/data/raw/WEDA-FALL/dataset/5Hz/D01/U04_R01_accel.csv,98,D01,"accel_time_list, accel_x_list, accel_y_list, accel_z_list"
/home/vinh_shindo/safewatch-fall-detector-edge-ai/data/raw/WEDA-FALL/dataset/5Hz/D01/U04_R02_accel.csv,100,D01,"accel_time_list, accel_x_list, accel_y_list, accel_z_list"
/home/vinh_shindo/safewatch-fall-detector-edge-ai/data/raw/WEDA-FALL/dataset/5Hz/D01/U04_R03_accel.csv,91,D01,"accel_time_list, accel_x_list, accel_y_list, accel_z_list"
/home/vinh_shindo/safewatch-fall-detector-edge-ai/data/raw/WEDA-FALL/dataset/5Hz/D01/U05_R01_accel.csv,93,D01,"accel_time_list, accel_x_list, accel_y_list, accel_z_list"
/home/vinh_shindo/safewatch-fall-detector-edge-ai/data/raw/WEDA-FALL/dataset/5Hz/D01/U05_R02_accel.csv,96,D01,"accel_time_list, accel_x_list, accel_y_list, accel_z_list"
/home/vinh_shindo/safewatch-fall-detector-edge-ai/data/raw/WEDA-FALL/dataset/5Hz/D01/U05_R03_accel.csv,120,D01,"accel_time_list, accel_x_list, accel_y_list, accel_z_list"
/home/vinh_shindo/safewatch-fall-detector-edge-ai/data/raw/WEDA-FALL/dataset/5Hz/D01/U06_R01_accel.csv,73,D01,"accel_time_list, accel_x_list, accel_y_list, accel_z_list"
/home/vinh_shindo/safewatch-fall-detector-edge-ai/data/raw/WEDA-FALL/dataset/5Hz/D01/U06_R02_accel.csv,70,D01,"accel_time_list, accel_x_list, accel_y_list, accel_z_list"
/home/vinh_shindo/safewatch-fall-detector-edge-ai/data/raw/WEDA-FALL/dataset/5Hz/D01/U06_R03_accel.csv,82,D01,"accel_time_list, accel_x_list, accel_y_list, accel_z_list"
/home/vinh_shindo/safewatch-fall-detector-edge-ai/data/raw/WEDA-FALL/dataset/5Hz/D01/U07_R01_accel.csv,85,D01,"accel_time_list, accel_x_list, accel_y_list, accel_z_list"
/home/vinh_shindo/safewatch-fall-detector-edge-ai/data/raw/WEDA-FALL/dataset/5Hz/D01/U07_R02_accel.csv,99,D01,"accel_time_list, accel_x_list, accel_y_list, accel_z_list"
/home/vinh_shindo/safewatch-fall-detector-edge-ai/data/raw/WEDA-FALL/dataset/5Hz/D01/U07_R03_accel.csv,90,D01,"accel_time_list, accel_x_list, accel_y_list, accel_z_list"
/home/vinh_shindo/safewatch-fall-detector-edge-ai/data/raw/WEDA-FALL/dataset/5Hz/D01/U08_R01_accel.csv,149,D01,"accel_time_list, accel_x_list, accel_y_list, accel_z_list"
/home/vinh_shindo/safewatch-fall-detector-edge-ai/data/raw/WEDA-FALL/dataset/5Hz/D01/U08_R02_accel.csv,150,D01,"accel_time_list, accel_x_list, accel_y_list, accel_z_list"
/home/vinh_shindo/safewatch-fall-detector-edge-ai/data/raw/WEDA-FALL/dataset/5Hz/D01/U08_R03_accel.csv,130,D01,"accel_time_list, accel_x_list, accel_y_list, accel_z_list"
/home/vinh_shindo/safewatch-fall-detector-edge-ai/data/raw/WEDA-FALL/dataset/5Hz/D01/U09_R01_accel.csv,82,D01,"accel_time_list, accel_x_list, accel_y_list, accel_z_list"
/home/vinh_shindo/safewatch-fall-detector-edge-ai/data/raw/WEDA-FALL/dataset/5Hz/D01/U09_R02_accel.csv,77,D01,"accel_time_list, accel_x_list, accel_y_list, accel_z_list"
/home/vinh_shindo/safewatch-fall-detector-edge-ai/data/raw/WEDA-FALL/dataset/5Hz/D01/U09_R03_accel.csv,72,D01,"accel_time_list, accel_x_list, accel_y_list, accel_z_list"
/home/vinh_shindo/safewatch-fall-detector-edge-ai/data/raw/WEDA-FALL/dataset/5Hz/D01/U10_R01_accel.csv,82,D01,"accel_time_list, accel_x_list, accel_y_list, accel_z_list"
/home/vinh_shindo/safewatch-fall-detector-edge-ai/data/raw/WEDA-FALL/dataset/5Hz/D01/U10_R02_accel.csv,87,D01,"accel_time_list, accel_x_list, accel_y_list, accel_z_list"
/home/vinh_shindo/safewatch-fall-detector-edge-ai/data/raw/WEDA-FALL/dataset/5Hz/D01/U10_R03_accel.csv,102,D01,"accel_time_list, accel_x_list, accel_y_list, accel_z_list"
/home/vinh_shindo/safewatch-fall-detector-edge-ai/data/raw/WEDA-FALL/dataset/5Hz/D01/U11_R01_accel.csv,122,D01,"accel_time_list, accel_x_list, accel_y_list, accel_z_list"
/home/vinh_shindo/safewatch-fall-detector-edge-ai/data/raw/WEDA-FALL/dataset/5Hz/D01/U11_R02_accel.csv,99,D01,"accel_time_list, accel_x_list, accel_y_list, accel_z_list"
/home/vinh_shindo/safewatch-fall-detector-edge-ai/data/raw/WEDA-FALL/dataset/5Hz/D01/U11_R03_accel.csv,94,D01,"accel_time_list, accel_x_list, accel_y_list, accel_z_list"
/home/vinh_shindo/safewatch-fall-detector-edge-ai/data/raw/WEDA-FALL/dataset/5Hz/D01/U12_R01_accel.csv,75,D01,"accel_time_list, accel_x_list, accel_y_list, accel_z_list"
/home/vinh_shindo/safewatch-fall-detector-edge-ai/data/raw/WEDA-FALL/dataset/5Hz/D01/U12_R02_accel.csv,67,D01,"accel_time_list, accel_x_list, accel_y_list, accel_z_list"
/home/vinh_shindo/safewatch-fall-detector-edge-ai/data/raw/WEDA-FALL/dataset/5Hz/D01/U12_R03_accel.csv,62,D01,"accel_time_list, accel_x_list, accel_y_list, accel_z_list"
/home/vinh_shindo/safewatch-fall-detector-edge-ai/data/raw/WEDA-FALL/dataset/5Hz/D01/U13_R01_accel.csv,64,D01,"accel_time_list, accel_x_list, accel_y_list, accel_z_list"
/home/vinh_shindo/safewatch-fall-detector-edge-ai/data/raw/WEDA-FALL/dataset/5Hz/D01/U13_R02_accel.csv,68,D01,"accel_time_list, accel_x_list, accel_y_list, accel_z_list"
/home/vinh_shindo/safewatch-fall-detector-edge-ai/data/raw/WEDA-FALL/dataset/5Hz/D01/U13_R03_accel.csv,64,D01,"accel_time_list, accel_x_list, accel_y_list, accel_z_list"
/home/vinh_shindo/safewatch-fall-detector-edge-ai/data/raw/WEDA-FALL/dataset/5Hz/D01/U14_R01_accel.csv,87,D01,"accel_time_list, accel_x_list, accel_y_list, accel_z_list"
/home/vinh_shindo/safewatch-fall-detector-edge-ai/data/raw/WEDA-FALL/dataset/5Hz/D01/U14_R02_accel.csv,93,D01,"accel_time_list, accel_x_list, accel_y_list, accel_z_list"
/home/vinh_shindo/safewatch-fall-detector-edge-ai/data/raw/WEDA-FALL/dataset/5Hz/D01/U14_R03_accel.csv,92,D01,"accel_time_list, accel_x_list, accel_y_list, accel_z_list"
/home/vinh_shindo/safewatch-fall-detector-edge-ai/data/raw/WEDA-FALL/dataset/5Hz/D01/U21_R01_accel.csv,111,D01,"accel_time_list, accel_x_list, accel_y_list, accel_z_list"
/home/vinh_shindo/safewatch-fall-detector-edge-ai/data/raw/WEDA-FALL/dataset/5Hz/D01/U21_R02_accel.csv,119,D01,"accel_time_list, accel_x_list, accel_y_list, accel_z_list"
/home/vinh_shindo/safewatch-fall-detector-edge-ai/data/raw/WEDA-FALL/dataset/5Hz/D01/U22_R01_accel.csv,100,D01,"accel_time_list, accel_x_list, accel_y_list, accel_z_list"
/home/vinh_shindo/safewatch-fall-detector-edge-ai/data/raw/WEDA-FALL/dataset/5Hz/D01/U22_R02_accel.csv,117,D01,"accel_time_list, accel_x_list, accel_y_list, accel_z_list"
/home/vinh_shindo/safewatch-fall-detector-edge-ai/data/raw/WEDA-FALL/dataset/5Hz/D01/U23_R01_accel.csv,86,D01,"accel_time_list, accel_x_list, accel_y_list, accel_z_list"
/home/vinh_shindo/safewatch-fall-detector-edge-ai/data/raw/WEDA-FALL/dataset/5Hz/D01/U23_R02_accel.csv,138,D01,"accel_time_list, accel_x_list, accel_y_list, accel_z_list"
/home/vinh_shindo/safewatch-fall-detector-edge-ai/data/raw/WEDA-FALL/dataset/5Hz/D01/U24_R01_accel.csv,122,D01,"accel_time_list, accel_x_list, accel_y_list, accel_z_list"
/home/vinh_shindo/safewatch-fall-detector-edge-ai/data/raw/WEDA-FALL/dataset/5Hz/D01/U24_R02_accel.csv,91,D01,"accel_time_list, accel_x_list, accel_y_list, accel_z_list"
/home/vinh_shindo/safewatch-fall-detector-edge-ai/data/raw/WEDA-FALL/dataset/5Hz/D01/U24_R03_accel.csv,108,D01,"accel_time_list, accel_x_list, accel_y_list, accel_z_list"
/home/vinh_shindo/safewatch-fall-detector-edge-ai/data/raw/WEDA-FALL/dataset/5Hz/D01/U25_R01_accel.csv,93,D01,"accel_time_list, accel_x_list, accel_y_list, accel_z_list"
/home/vinh_shindo/safewatch-fall-detector-edge-ai/data/raw/WEDA-FALL/dataset/5Hz/D01/U25_R02_accel.csv,111,D01,"accel_time_list, accel_x_list, accel_y_list, accel_z_list"
/home/vinh_shindo/safewatch-fall-detector-edge-ai/data/raw/WEDA-FALL/dataset/5Hz/D01/U26_R01_accel.csv,88,D01,"accel_time_list, accel_x_list, accel_y_list, accel_z_list"
/home/vinh_shindo/safewatch-fall-detector-edge-ai/data/raw/WEDA-FALL/dataset/5Hz/D01/U26_R02_accel.csv,73,D01,"accel_time_list, accel_x_list, accel_y_list, accel_z_list"
/home/vinh_shindo/safewatch-fall-detector-edge-ai/data/raw/WEDA-FALL/dataset/5Hz/D01/U27_R01_accel.csv,103,D01,"accel_time_list, accel_x_list, accel_y_list, accel_z_list"
/home/vinh_shindo/safewatch-fall-detector-edge-ai/data/raw/WEDA-FALL/dataset/5Hz/D01/U27_R02_accel.csv,102,D01,"accel_time_list, accel_x_list, accel_y_list, accel_z_list"
/home/vinh_shindo/safewatch-fall-detector-edge-ai/data/raw/WEDA-FALL/dataset/5Hz/D01/U28_R01_accel.csv,84,D01,"accel_time_list, accel_x_list, accel_y_list, accel_z_list"
/home/vinh_shindo/safewatch-fall-detector-edge-ai/data/raw/WEDA-FALL/dataset/5Hz/D01/U28_R02_accel.csv,90,D01,"accel_time_list, accel_x_list, accel_y_list, accel_z_list"
/home/vinh_shindo/safewatch-fall-detector-edge-ai/data/raw/WEDA-FALL/dataset/5Hz/D01/U28_R03_accel.csv,100,D01,"accel_time_list, accel_x_list, accel_y_list, accel_z_list"
/home/vinh_shindo/safewatch-fall-detector-edge-ai/data/raw/WEDA-FALL/dataset/5Hz/D01/U29_R01_accel.csv,67,D01,"accel_time_list, accel_x_list, accel_y_list, accel_z_list"
/home/vinh_shindo/safewatch-fall-detector-edge-ai/data/raw/WEDA-FALL/dataset/5Hz/D01/U29_R02_accel.csv,49,D01,"accel_time_list, accel_x_list, accel_y_list, accel_z_list"
/home/vinh_shindo/safewatch-fall-detector-edge-ai/data/raw/WEDA-FALL/dataset/5Hz/D01/U29_R03_accel.csv,55,D01,"accel_time_list, accel_x_list, accel_y_list, accel_z_list"
/home/vinh_shindo/safewatch-fall-detector-edge-ai/data/raw/WEDA-FALL/dataset/5Hz/D01/U30_R01_accel.csv,70,D01,"accel_time_list, accel_x_list, accel_y_list, accel_z_list"
/home/vinh_shindo/safewatch-fall-detector-edge-ai/data/raw/WEDA-FALL/dataset/5Hz/D01/U30_R02_accel.csv,57,D01,"accel_time_list, accel_x_list, accel_y_list, accel_z_list"
/home/vinh_shindo/safewatch-fall-detector-edge-ai/data/raw/WEDA-FALL/dataset/5Hz/D01/U30_R03_accel.csv,55,D01,"accel_time_list, accel_x_list, accel_y_list, accel_z_list"
/home/vinh_shindo/safewatch-fall-detector-edge-ai/data/raw/WEDA-FALL/dataset/5Hz/D01/U31_R01_accel.csv,76,D01,"accel_time_list, accel_x_list, accel_y_list, accel_z_list"
/home/vinh_shindo/safewatch-fall-detector-edge-ai/data/raw/WEDA-FALL/dataset/5Hz/D01/U31_R02_accel.csv,59,D01,"accel_time_list, accel_x_list, accel_y_list, accel_z_list"
/home/vinh_shindo/safewatch-fall-detector-edge-ai/data/raw/WEDA-FALL/dataset/5Hz/D02/U01_R01_accel.csv,82,D02,"accel_time_list, accel_x_list, accel_y_list, accel_z_list"
/home/vinh_shindo/safewatch-fall-detector-edge-ai/data/raw/WEDA-FALL/dataset/5Hz/D02/U01_R02_accel.csv,94,D02,"accel_time_list, accel_x_list, accel_y_list, accel_z_list"
/home/vinh_shindo/safewatch-fall-detector-edge-ai/data/raw/WEDA-FALL/dataset/5Hz/D02/U01_R03_accel.csv,91,D02,"accel_time_list, accel_x_list, accel_y_list, accel_z_list"
/home/vinh_shindo/safewatch-fall-detector-edge-ai/data/raw/WEDA-FALL/dataset/5Hz/D02/U02_R01_accel.csv,85,D02,"accel_time_list, accel_x_list, accel_y_list, accel_z_list"
/home/vinh_shindo/safewatch-fall-detector-edge-ai/data/raw/WEDA-FALL/dataset/5Hz/D02/U02_R02_accel.csv,105,D02,"accel_time_list, accel_x_list, accel_y_list, accel_z_list"
/home/vinh_shindo/safewatch-fall-detector-edge-ai/data/raw/WEDA-FALL/dataset/5Hz/D02/U02_R03_accel.csv,81,D02,"accel_time_list, accel_x_list, accel_y_list, accel_z_list"
/home/vinh_shindo/safewatch-fall-detector-edge-ai/data/raw/WEDA-FALL/dataset/5Hz/D02/U03_R01_accel.csv,63,D02,"accel_time_list, accel_x_list, accel_y_list, accel_z_list"
/home/vinh_shindo/safewatch-fall-detector-edge-ai/data/raw/WEDA-FALL/dataset/5Hz/D02/U03_R02_accel.csv,61,D02,"accel_time_list, accel_x_list, accel_y_list, accel_z_list"
/home/vinh_shindo/safewatch-fall-detector-edge-ai/data/raw/WEDA-FALL/dataset/5Hz/D02/U03_R03_accel.csv,77,D02,"accel_time_list, accel_x_list, accel_y_list, accel_z_list"
/home/vinh_shindo/safewatch-fall-detector-edge-ai/data/raw/WEDA-FALL/dataset/5Hz/D02/U04_R01_accel.csv,75,D02,"accel_time_list, accel_x_list, accel_y_list, accel_z_list"
/home/vinh_shindo/safewatch-fall-detector-edge-ai/data/raw/WEDA-FALL/dataset/5Hz/D02/U04_R02_accel.csv,76,D02,"accel_time_list, accel_x_list, accel_y_list, accel_z_list"
/home/vinh_shindo/safewatch-fall-detector-edge-ai/data/raw/WEDA-FALL/dataset/5Hz/D02/U04_R03_accel.csv,71,D02,"accel_time_list, accel_x_list, accel_y_list, accel_z_list"
/home/vinh_shindo/safewatch-fall-detector-edge-ai/data/raw/WEDA-FALL/dataset/5Hz/D02/U05_R01_accel.csv,110,D02,"accel_time_list, accel_x_list, accel_y_list, accel_z_list"
/home/vinh_shindo/safewatch-fall-detector-edge-ai/data/raw/WEDA-FALL/dataset/5Hz/D02/U05_R02_accel.csv,97,D02,"accel_time_list, accel_x_list, accel_y_list, accel_z_list"
/home/vinh_shindo/safewatch-fall-detector-edge-ai/data/raw/WEDA-FALL/dataset/5Hz/D02/U05_R03_accel.csv,97,D02,"accel_time_list, accel_x_list, accel_y_list, accel_z_list"
/home/vinh_shindo/safewatch-fall-detector-edge-ai/data/raw/WEDA-FALL/dataset/5Hz/D02/U06_R01_accel.csv,84,D02,"accel_time_list, accel_x_list, accel_y_list, accel_z_list"
/home/vinh_shindo/safewatch-fall-detector-edge-ai/data/raw/WEDA-FALL/dataset/5Hz/D02/U06_R02_accel.csv,87,D02,"accel_time_list, accel_x_list, accel_y_list, accel_z_list"
/home/vinh_shindo/safewatch-fall-detector-edge-ai/data/raw/WEDA-FALL/dataset/5Hz/D02/U06_R03_accel.csv,84,D02,"accel_time_list, accel_x_list, accel_y_list, accel_z_list"
/home/vinh_shindo/safewatch-fall-detector-edge-ai/data/raw/WEDA-FALL/dataset/5Hz/D02/U07_R01_accel.csv,80,D02,"accel_time_list, accel_x_list, accel_y_list, accel_z_list"
/home/vinh_shindo/safewatch-fall-detector-edge-ai/data/raw/WEDA-FALL/dataset/5Hz/D02/U07_R02_accel.csv,100,D02,"accel_time_list, accel_x_list, accel_y_list, accel_z_list"
/home/vinh_shindo/safewatch-fall-detector-edge-ai/data/raw/WEDA-FALL/dataset/5Hz/D02/U07_R03_accel.csv,98,D02,"accel_time_list, accel_x_list, accel_y_list, accel_z_list"
/home/vinh_shindo/safewatch-fall-detector-edge-ai/data/raw/WEDA-FALL/dataset/5Hz/D02/U08_R01_accel.csv,125,D02,"accel_time_list, accel_x_list, accel_y_list, accel_z_list"
/home/vinh_shindo/safewatch-fall-detector-edge-ai/data/raw/WEDA-FALL/dataset/5Hz/D02/U08_R02_accel.csv,140,D02,"accel_time_list, accel_x_list, accel_y_list, accel_z_list"
/home/vinh_shindo/safewatch-fall-detector-edge-ai/data/raw/WEDA-FALL/dataset/5Hz/D02/U08_R03_accel.csv,129,D02,"accel_time_list, accel_x_list, accel_y_list, accel_z_list"
/home/vinh_shindo/safewatch-fall-detector-edge-ai/data/raw/WEDA-FALL/dataset/5Hz/D02/U09_R01_accel.csv,89,D02,"accel_time_list, accel_x_list, accel_y_list, accel_z_list"
/home/vinh_shindo/safewatch-fall-detector-edge-ai/data/raw/WEDA-FALL/dataset/5Hz/D02/U09_R02_accel.csv,81,D02,"accel_time_list, accel_x_list, accel_y_list, accel_z_list"
/home/vinh_shindo/safewatch-fall-detector-edge-ai/data/raw/WEDA-FALL/dataset/5Hz/D02/U09_R03_accel.csv,84,D02,"accel_time_list, accel_x_list, accel_y_list, accel_z_list"
/home/vinh_shindo/safewatch-fall-detector-edge-ai/data/raw/WEDA-FALL/dataset/5Hz/D02/U10_R01_accel.csv,100,D02,"accel_time_list, accel_x_list, accel_y_list, accel_z_list"
/home/vinh_shindo/safewatch-fall-detector-edge-ai/data/raw/WEDA-FALL/dataset/5Hz/D02/U10_R02_accel.csv,97,D02,"accel_time_list, accel_x_list, accel_y_list, accel_z_list"
/home/vinh_shindo/safewatch-fall-detector-edge-ai/data/raw/WEDA-FALL/dataset/5Hz/D02/U10_R03_accel.csv,99,D02,"accel_time_list, accel_x_list, accel_y_list, accel_z_list"
/home/vinh_shindo/safewatch-fall-detector-edge-ai/data/raw/WEDA-FALL/dataset/5Hz/D02/U11_R01_accel.csv,85,D02,"accel_time_list, accel_x_list, accel_y_list, accel_z_list"
/home/vinh_shindo/safewatch-fall-detector-edge-ai/data/raw/WEDA-FALL/dataset/5Hz/D02/U11_R02_accel.csv,110,D02,"accel_time_list, accel_x_list, accel_y_list, accel_z_list"
/home/vinh_shindo/safewatch-fall-detector-edge-ai/data/raw/WEDA-FALL/dataset/5Hz/D02/U11_R03_accel.csv,99,D02,"accel_time_list, accel_x_list, accel_y_list, accel_z_list"
/home/vinh_shindo/safewatch-fall-detector-edge-ai/data/raw/WEDA-FALL/dataset/5Hz/D02/U12_R01_accel.csv,67,D02,"accel_time_list, accel_x_list, accel_y_list, accel_z_list"
/home/vinh_shindo/safewatch-fall-detector-edge-ai/data/raw/WEDA-FALL/dataset/5Hz/D02/U12_R02_accel.csv,67,D02,"accel_time_list, accel_x_list, accel_y_list, accel_z_list"
/home/vinh_shindo/safewatch-fall-detector-edge-ai/data/raw/WEDA-FALL/dataset/5Hz/D02/U12_R03_accel.csv,67,D02,"accel_time_list, accel_x_list, accel_y_list, accel_z_list"
/home/vinh_shindo/safewatch-fall-detector-edge-ai/data/raw/WEDA-FALL/dataset/5Hz/D02/U13_R01_accel.csv,69,D02,"accel_time_list, accel_x_list, accel_y_list, accel_z_list"
/home/vinh_shindo/safewatch-fall-detector-edge-ai/data/raw/WEDA-FALL/dataset/5Hz/D02/U13_R02_accel.csv,76,D02,"accel_time_list, accel_x_list, accel_y_list, accel_z_list"
/home/vinh_shindo/safewatch-fall-detector-edge-ai/data/raw/WEDA-FALL/dataset/5Hz/D02/U13_R03_accel.csv,73,D02,"accel_time_list, accel_x_list, accel_y_list, accel_z_list"
/home/vinh_shindo/safewatch-fall-detector-edge-ai/data/raw/WEDA-FALL/dataset/5Hz/D02/U14_R01_accel.csv,99,D02,"accel_time_list, accel_x_list, accel_y_list, accel_z_list"
/home/vinh_shindo/safewatch-fall-detector-edge-ai/data/raw/WEDA-FALL/dataset/5Hz/D02/U14_R02_accel.csv,101,D02,"accel_time_list, accel_x_list, accel_y_list, accel_z_list"
/home/vinh_shindo/safewatch-fall-detector-edge-ai/data/raw/WEDA-FALL/dataset/5Hz/D02/U14_R03_accel.csv,98,D02,"accel_time_list, accel_x_list, accel_y_list, accel_z_list"
/home/vinh_shindo/safewatch-fall-detector-edge-ai/data/raw/WEDA-FALL/dataset/5Hz/D03/U01_R01_accel.csv,127,D03,"accel_time_list, accel_x_list, accel_y_list, accel_z_list"
/home/vinh_shindo/safewatch-fall-detector-edge-ai/data/raw/WEDA-FALL/dataset/5Hz/D03/U01_R02_accel.csv,147,D03,"accel_time_list, accel_x_list, accel_y_list, accel_z_list"
/home/vinh_shindo/safewatch-fall-detector-edge-ai/data/raw/WEDA-FALL/dataset/5Hz/D03/U01_R03_accel.csv,146,D03,"accel_time_list, accel_x_list, accel_y_list, accel_z_list"
/home/vinh_shindo/safewatch-fall-detector-edge-ai/data/raw/WEDA-FALL/dataset/5Hz/D03/U02_R01_accel.csv,155,D03,"accel_time_list, accel_x_list, accel_y_list, accel_z_list"
/home/vinh_shindo/safewatch-fall-detector-edge-ai/data/raw/WEDA-FALL/dataset/5Hz/D03/U02_R02_accel.csv,193,D03,"accel_time_list, accel_x_list, accel_y_list, accel_z_list"
/home/vinh_shindo/safewatch-fall-detector-edge-ai/data/raw/WEDA-FALL/dataset/5Hz/D03/U02_R03_accel.csv,148,D03,"accel_time_list, accel_x_list, accel_y_list, accel_z_list"
/home/vinh_shindo/safewatch-fall-detector-edge-ai/data/raw/WEDA-FALL/dataset/5Hz/D03/U03_R01_accel.csv,129,D03,"accel_time_list, accel_x_list, accel_y_list, accel_z_list"
/home/vinh_shindo/safewatch-fall-detector-edge-ai/data/raw/WEDA-FALL/dataset/5Hz/D03/U03_R02_accel.csv,115,D03,"accel_time_list, accel_x_list, accel_y_list, accel_z_list"
/home/vinh_shindo/safewatch-fall-detector-edge-ai/data/raw/WEDA-FALL/dataset/5Hz/D03/U03_R03_accel.csv,110,D03,"accel_time_list, accel_x_list, accel_y_list, accel_z_list"
/home/vinh_shindo/safewatch-fall-detector-edge-ai/data/raw/WEDA-FALL/dataset/5Hz/D03/U04_R01_accel.csv,127,D03,"accel_time_list, accel_x_list, accel_y_list, accel_z_list"
/home/vinh_shindo/safewatch-fall-detector-edge-ai/data/raw/WEDA-FALL/dataset/5Hz/D03/U04_R02_accel.csv,122,D03,"accel_time_list, accel_x_list, accel_y_list, accel_z_list"
/home/vinh_shindo/safewatch-fall-detector-edge-ai/data/raw/WEDA-FALL/dataset/5Hz/D03/U04_R03_accel.csv,135,D03,"accel_time_list, accel_x_list, accel_y_list, accel_z_list"
/home/vinh_shindo/safewatch-fall-detector-edge-ai/data/raw/WEDA-FALL/dataset/5Hz/D03/U05_R01_accel.csv,129,D03,"accel_time_list, accel_x_list, accel_y_list, accel_z_list"
/home/vinh_shindo/safewatch-fall-detector-edge-ai/data/raw/WEDA-FALL/dataset/5Hz/D03/U05_R02_accel.csv,129,D03,"accel_time_list, accel_x_list, accel_y_list, accel_z_list"
/home/vinh_shindo/safewatch-fall-detector-edge-ai/data/raw/WEDA-FALL/dataset/5Hz/D03/U05_R03_accel.csv,133,D03,"accel_time_list, accel_x_list, accel_y_list, accel_z_list"
/home/vinh_shindo/safewatch-fall-detector-edge-ai/data/raw/WEDA-FALL/dataset/5Hz/D03/U06_R01_accel.csv,147,D03,"accel_time_list, accel_x_list, accel_y_list, accel_z_list"
/home/vinh_shindo/safewatch-fall-detector-edge-ai/data/raw/WEDA-FALL/dataset/5Hz/D03/U06_R02_accel.csv,149,D03,"accel_time_list, accel_x_list, accel_y_list, accel_z_list"
/home/vinh_shindo/safewatch-fall-detector-edge-ai/data/raw/WEDA-FALL/dataset/5Hz/D03/U06_R03_accel.csv,154,D03,"accel_time_list, accel_x_list, accel_y_list, accel_z_list"
/home/vinh_shindo/safewatch-fall-detector-edge-ai/data/raw/WEDA-FALL/dataset/5Hz/D03/U07_R01_accel.csv,167,D03,"accel_time_list, accel_x_list, accel_y_list, accel_z_list"
/home/vinh_shindo/safewatch-fall-detector-edge-ai/data/raw/WEDA-FALL/dataset/5Hz/D03/U07_R02_accel.csv,179,D03,"accel_time_list, accel_x_list, accel_y_list, accel_z_list"
/home/vinh_shindo/safewatch-fall-detector-edge-ai/data/raw/WEDA-FALL/dataset/5Hz/D03/U07_R03_accel.csv,171,D03,"accel_time_list, accel_x_list, accel_y_list, accel_z_list"
/home/vinh_shindo/safewatch-fall-detector-edge-ai/data/raw/WEDA-FALL/dataset/5Hz/D03/U08_R01_accel.csv,178,D03,"accel_time_list, accel_x_list, accel_y_list, accel_z_list"
/home/vinh_shindo/safewatch-fall-detector-edge-ai/data/raw/WEDA-FALL/dataset/5Hz/D03/U08_R02_accel.csv,177,D03,"accel_time_list, accel_x_list, accel_y_list, accel_z_list"
/home/vinh_shindo/safewatch-fall-detector-edge-ai/data/raw/WEDA-FALL/dataset/5Hz/D03/U08_R03_accel.csv,177,D03,"accel_time_list, accel_x_list, accel_y_list, accel_z_list"
/home/vinh_shindo/safewatch-fall-detector-edge-ai/data/raw/WEDA-FALL/dataset/5Hz/D03/U09_R01_accel.csv,125,D03,"accel_time_list, accel_x_list, accel_y_list, accel_z_list"
/home/vinh_shindo/safewatch-fall-detector-edge-ai/data/raw/WEDA-FALL/dataset/5Hz/D03/U09_R02_accel.csv,124,D03,"accel_time_list, accel_x_list, accel_y_list, accel_z_list"
/home/vinh_shindo/safewatch-fall-detector-edge-ai/data/raw/WEDA-FALL/dataset/5Hz/D03/U09_R03_accel.csv,129,D03,"accel_time_list, accel_x_list, accel_y_list, accel_z_list"
/home/vinh_shindo/safewatch-fall-detector-edge-ai/data/raw/WEDA-FALL/dataset/5Hz/D03/U10_R01_accel.csv,179,D03,"accel_time_list, accel_x_list, accel_y_list, accel_z_list"
/home/vinh_shindo/safewatch-fall-detector-edge-ai/data/raw/WEDA-FALL/dataset/5Hz/D03/U10_R02_accel.csv,177,D03,"accel_time_list, accel_x_list, accel_y_list, accel_z_list"
/home/vinh_shindo/safewatch-fall-detector-edge-ai/data/raw/WEDA-FALL/dataset/5Hz/D03/U10_R03_accel.csv,178,D03,"accel_time_list, accel_x_list, accel_y_list, accel_z_list"
/home/vinh_shindo/safewatch-fall-detector-edge-ai/data/raw/WEDA-FALL/dataset/5Hz/D03/U11_R01_accel.csv,143,D03,"accel_time_list, accel_x_list, accel_y_list, accel_z_list"
/home/vinh_shindo/safewatch-fall-detector-edge-ai/data/raw/WEDA-FALL/dataset/5Hz/D03/U11_R02_accel.csv,164,D03,"accel_time_list, accel_x_list, accel_y_list, accel_z_list"
/home/vinh_shindo/safewatch-fall-detector-edge-ai/data/raw/WEDA-FALL/dataset/5Hz/D03/U11_R03_accel.csv,153,D03,"accel_time_list, accel_x_list, accel_y_list, accel_z_list"
/home/vinh_shindo/safewatch-fall-detector-edge-ai/data/raw/WEDA-FALL/dataset/5Hz/D03/U12_R01_accel.csv,113,D03,"accel_time_list, accel_x_list, accel_y_list, accel_z_list"
/home/vinh_shindo/safewatch-fall-detector-edge-ai/data/raw/WEDA-FALL/dataset/5Hz/D03/U12_R02_accel.csv,107,D03,"accel_time_list, accel_x_list, accel_y_list, accel_z_list"
/home/vinh_shindo/safewatch-fall-detector-edge-ai/data/raw/WEDA-FALL/dataset/5Hz/D03/U12_R03_accel.csv,130,D03,"accel_time_list, accel_x_list, accel_y_list, accel_z_list"
/home/vinh_shindo/safewatch-fall-detector-edge-ai/data/raw/WEDA-FALL/dataset/5Hz/D03/U13_R01_accel.csv,131,D03,"accel_time_list, accel_x_list, accel_y_list, accel_z_list"
/home/vinh_shindo/safewatch-fall-detector-edge-ai/data/raw/WEDA-FALL/dataset/5Hz/D03/U13_R02_accel.csv,135,D03,"accel_time_list, accel_x_list, accel_y_list, accel_z_list"
/home/vinh_shindo/safewatch-fall-detector-edge-ai/data/raw/WEDA-FALL/dataset/5Hz/D03/U13_R03_accel.csv,134,D03,"accel_time_list, accel_x_list, accel_y_list, accel_z_list"
/home/vinh_shindo/safewatch-fall-detector-edge-ai/data/raw/WEDA-FALL/dataset/5Hz/D03/U14_R01_accel.csv,131,D03,"accel_time_list, accel_x_list, accel_y_list, accel_z_list"
/home/vinh_shindo/safewatch-fall-detector-edge-ai/data/raw/WEDA-FALL/dataset/5Hz/D03/U14_R02_accel.csv,126,D03,"accel_time_list, accel_x_list, accel_y_list, accel_z_list"
/home/vinh_shindo/safewatch-fall-detector-edge-ai/data/raw/WEDA-FALL/dataset/5Hz/D03/U14_R03_accel.csv,127,D03,"accel_time_list, accel_x_list, accel_y_list, accel_z_list"
/home/vinh_shindo/safewatch-fall-detector-edge-ai/data/raw/WEDA-FALL/dataset/5Hz/D03/U23_R01_accel.csv,138,D03,"accel_time_list, accel_x_list, accel_y_list, accel_z_list"
/home/vinh_shindo/safewatch-fall-detector-edge-ai/data/raw/WEDA-FALL/dataset/5Hz/D03/U23_R02_accel.csv,127,D03,"accel_time_list, accel_x_list, accel_y_list, accel_z_list"
/home/vinh_shindo/safewatch-fall-detector-edge-ai/data/raw/WEDA-FALL/dataset/5Hz/D03/U24_R01_accel.csv,199,D03,"accel_time_list, accel_x_list, accel_y_list, accel_z_list"
/home/vinh_shindo/safewatch-fall-detector-edge-ai/data/raw/WEDA-FALL/dataset/5Hz/D03/U26_R01_accel.csv,72,D03,"accel_time_list, accel_x_list, accel_y_list, accel_z_list"
/home/vinh_shindo/safewatch-fall-detector-edge-ai/data/raw/WEDA-FALL/dataset/5Hz/D03/U26_R02_accel.csv,70,D03,"accel_time_list, accel_x_list, accel_y_list, accel_z_list"
/home/vinh_shindo/safewatch-fall-detector-edge-ai/data/raw/WEDA-FALL/dataset/5Hz/D03/U27_R01_accel.csv,158,D03,"accel_time_list, accel_x_list, accel_y_list, accel_z_list"
/home/vinh_shindo/safewatch-fall-detector-edge-ai/data/raw/WEDA-FALL/dataset/5Hz/D03/U28_R01_accel.csv,126,D03,"accel_time_list, accel_x_list, accel_y_list, accel_z_list"
/home/vinh_shindo/safewatch-fall-detector-edge-ai/data/raw/WEDA-FALL/dataset/5Hz/D03/U29_R01_accel.csv,130,D03,"accel_time_list, accel_x_list, accel_y_list, accel_z_list"
/home/vinh_shindo/safewatch-fall-detector-edge-ai/data/raw/WEDA-FALL/dataset/5Hz/D03/U30_R01_accel.csv,92,D03,"accel_time_list, accel_x_list, accel_y_list, accel_z_list"
/home/vinh_shindo/safewatch-fall-detector-edge-ai/data/raw/WEDA-FALL/dataset/5Hz/D03/U31_R01_accel.csv,184,D03,"accel_time_list, accel_x_list, accel_y_list, accel_z_list"
/home/vinh_shindo/safewatch-fall-detector-edge-ai/data/raw/WEDA-FALL/dataset/5Hz/D04/U01_R01_accel.csv,71,D04,"accel_time_list, accel_x_list, accel_y_list, accel_z_list"
/home/vinh_shindo/safewatch-fall-detector-edge-ai/data/raw/WEDA-FALL/dataset/5Hz/D04/U01_R02_accel.csv,69,D04,"accel_time_list, accel_x_list, accel_y_list, accel_z_list"
/home/vinh_shindo/safewatch-fall-detector-edge-ai/data/raw/WEDA-FALL/dataset/5Hz/D04/U01_R03_accel.csv,65,D04,"accel_time_list, accel_x_list, accel_y_list, accel_z_list"
/home/vinh_shindo/safewatch-fall-detector-edge-ai/data/raw/WEDA-FALL/dataset/5Hz/D04/U02_R01_accel.csv,58,D04,"accel_time_list, accel_x_list, accel_y_list, accel_z_list"
/home/vinh_shindo/safewatch-fall-detector-edge-ai/data/raw/WEDA-FALL/dataset/5Hz/D04/U02_R02_accel.csv,63,D04,"accel_time_list, accel_x_list, accel_y_list, accel_z_list"
/home/vinh_shindo/safewatch-fall-detector-edge-ai/data/raw/WEDA-FALL/dataset/5Hz/D04/U02_R03_accel.csv,67,D04,"accel_time_list, accel_x_list, accel_y_list, accel_z_list"
/home/vinh_shindo/safewatch-fall-detector-edge-ai/data/raw/WEDA-FALL/dataset/5Hz/D04/U03_R01_accel.csv,57,D04,"accel_time_list, accel_x_list, accel_y_list, accel_z_list"
/home/vinh_shindo/safewatch-fall-detector-edge-ai/data/raw/WEDA-FALL/dataset/5Hz/D04/U03_R02_accel.csv,56,D04,"accel_time_list, accel_x_list, accel_y_list, accel_z_list"
/home/vinh_shindo/safewatch-fall-detector-edge-ai/data/raw/WEDA-FALL/dataset/5Hz/D04/U03_R03_accel.csv,43,D04,"accel_time_list, accel_x_list, accel_y_list, accel_z_list"
/home/vinh_shindo/safewatch-fall-detector-edge-ai/data/raw/WEDA-FALL/dataset/5Hz/D04/U04_R01_accel.csv,57,D04,"accel_time_list, accel_x_list, accel_y_list, accel_z_list"
/home/vinh_shindo/safewatch-fall-detector-edge-ai/data/raw/WEDA-FALL/dataset/5Hz/D04/U04_R02_accel.csv,41,D04,"accel_time_list, accel_x_list, accel_y_list, accel_z_list"
/home/vinh_shindo/safewatch-fall-detector-edge-ai/data/raw/WEDA-FALL/dataset/5Hz/D04/U04_R03_accel.csv,41,D04,"accel_time_list, accel_x_list, accel_y_list, accel_z_list"
/home/vinh_shindo/safewatch-fall-detector-edge-ai/data/raw/WEDA-FALL/dataset/5Hz/D04/U05_R01_accel.csv,94,D04,"accel_time_list, accel_x_list, accel_y_list, accel_z_list"
/home/vinh_shindo/safewatch-fall-detector-edge-ai/data/raw/WEDA-FALL/dataset/5Hz/D04/U05_R02_accel.csv,97,D04,"accel_time_list, accel_x_list, accel_y_list, accel_z_list"
/home/vinh_shindo/safewatch-fall-detector-edge-ai/data/raw/WEDA-FALL/dataset/5Hz/D04/U05_R03_accel.csv,100,D04,"accel_time_list, accel_x_list, accel_y_list, accel_z_list"
/home/vinh_shindo/safewatch-fall-detector-edge-ai/data/raw/WEDA-FALL/dataset/5Hz/D04/U06_R01_accel.csv,71,D04,"accel_time_list, accel_x_list, accel_y_list, accel_z_list"
/home/vinh_shindo/safewatch-fall-detector-edge-ai/data/raw/WEDA-FALL/dataset/5Hz/D04/U06_R02_accel.csv,85,D04,"accel_time_list, accel_x_list, accel_y_list, accel_z_list"
/home/vinh_shindo/safewatch-fall-detector-edge-ai/data/raw/WEDA-FALL/dataset/5Hz/D04/U06_R03_accel.csv,83,D04,"accel_time_list, accel_x_list, accel_y_list, accel_z_list"
/home/vinh_shindo/safewatch-fall-detector-edge-ai/data/raw/WEDA-FALL/dataset/5Hz/D04/U07_R01_accel.csv,73,D04,"accel_time_list, accel_x_list, accel_y_list, accel_z_list"
/home/vinh_shindo/safewatch-fall-detector-edge-ai/data/raw/WEDA-FALL/dataset/5Hz/D04/U07_R02_accel.csv,67,D04,"accel_time_list, accel_x_list, accel_y_list, accel_z_list"
/home/vinh_shindo/safewatch-fall-detector-edge-ai/data/raw/WEDA-FALL/dataset/5Hz/D04/U07_R03_accel.csv,65,D04,"accel_time_list, accel_x_list, accel_y_list, accel_z_list"
/home/vinh_shindo/safewatch-fall-detector-edge-ai/data/raw/WEDA-FALL/dataset/5Hz/D04/U08_R01_accel.csv,79,D04,"accel_time_list, accel_x_list, accel_y_list, accel_z_list"
/home/vinh_shindo/safewatch-fall-detector-edge-ai/data/raw/WEDA-FALL/dataset/5Hz/D04/U08_R02_accel.csv,53,D04,"accel_time_list, accel_x_list, accel_y_list, accel_z_list"
/home/vinh_shindo/safewatch-fall-detector-edge-ai/data/raw/WEDA-FALL/dataset/5Hz/D04/U08_R03_accel.csv,70,D04,"accel_time_list, accel_x_list, accel_y_list, accel_z_list"
/home/vinh_shindo/safewatch-fall-detector-edge-ai/data/raw/WEDA-FALL/dataset/5Hz/D04/U09_R01_accel.csv,72,D04,"accel_time_list, accel_x_list, accel_y_list, accel_z_list"
/home/vinh_shindo/safewatch-fall-detector-edge-ai/data/raw/WEDA-FALL/dataset/5Hz/D04/U09_R02_accel.csv,66,D04,"accel_time_list, accel_x_list, accel_y_list, accel_z_list"
/home/vinh_shindo/safewatch-fall-detector-edge-ai/data/raw/WEDA-FALL/dataset/5Hz/D04/U09_R03_accel.csv,64,D04,"accel_time_list, accel_x_list, accel_y_list, accel_z_list"
/home/vinh_shindo/safewatch-fall-detector-edge-ai/data/raw/WEDA-FALL/dataset/5Hz/D04/U10_R01_accel.csv,60,D04,"accel_time_list, accel_x_list, accel_y_list, accel_z_list"
/home/vinh_shindo/safewatch-fall-detector-edge-ai/data/raw/WEDA-FALL/dataset/5Hz/D04/U10_R02_accel.csv,49,D04,"accel_time_list, accel_x_list, accel_y_list, accel_z_list"
/home/vinh_shindo/safewatch-fall-detector-edge-ai/data/raw/WEDA-FALL/dataset/5Hz/D04/U10_R03_accel.csv,46,D04,"accel_time_list, accel_x_list, accel_y_list, accel_z_list"
/home/vinh_shindo/safewatch-fall-detector-edge-ai/data/raw/WEDA-FALL/dataset/5Hz/D04/U11_R01_accel.csv,72,D04,"accel_time_list, accel_x_list, accel_y_list, accel_z_list"
/home/vinh_shindo/safewatch-fall-detector-edge-ai/data/raw/WEDA-FALL/dataset/5Hz/D04/U11_R02_accel.csv,69,D04,"accel_time_list, accel_x_list, accel_y_list, accel_z_list"
/home/vinh_shindo/safewatch-fall-detector-edge-ai/data/raw/WEDA-FALL/dataset/5Hz/D04/U11_R03_accel.csv,64,D04,"accel_time_list, accel_x_list, accel_y_list, accel_z_list"
/home/vinh_shindo/safewatch-fall-detector-edge-ai/data/raw/WEDA-FALL/dataset/5Hz/D04/U12_R01_accel.csv,62,D04,"accel_time_list, accel_x_list, accel_y_list, accel_z_list"
/home/vinh_shindo/safewatch-fall-detector-edge-ai/data/raw/WEDA-FALL/dataset/5Hz/D04/U12_R02_accel.csv,79,D04,"accel_time_list, accel_x_list, accel_y_list, accel_z_list"
/home/vinh_shindo/safewatch-fall-detector-edge-ai/data/raw/WEDA-FALL/dataset/5Hz/D04/U12_R03_accel.csv,45,D04,"accel_time_list, accel_x_list, accel_y_list, accel_z_list"
/home/vinh_shindo/safewatch-fall-detector-edge-ai/data/raw/WEDA-FALL/dataset/5Hz/D04/U13_R01_accel.csv,50,D04,"accel_time_list, accel_x_list, accel_y_list, accel_z_list"
/home/vinh_shindo/safewatch-fall-detector-edge-ai/data/raw/WEDA-FALL/dataset/5Hz/D04/U13_R02_accel.csv,46,D04,"accel_time_list, accel_x_list, accel_y_list, accel_z_list"
/home/vinh_shindo/safewatch-fall-detector-edge-ai/data/raw/WEDA-FALL/dataset/5Hz/D04/U13_R03_accel.csv,53,D04,"accel_time_list, accel_x_list, accel_y_list, accel_z_list"
/home/vinh_shindo/safewatch-fall-detector-edge-ai/data/raw/WEDA-FALL/dataset/5Hz/D04/U14_R01_accel.csv,58,D04,"accel_time_list, accel_x_list, accel_y_list, accel_z_list"
/home/vinh_shindo/safewatch-fall-detector-edge-ai/data/raw/WEDA-FALL/dataset/5Hz/D04/U14_R02_accel.csv,54,D04,"accel_time_list, accel_x_list, accel_y_list, accel_z_list"
/home/vinh_shindo/safewatch-fall-detector-edge-ai/data/raw/WEDA-FALL/dataset/5Hz/D04/U14_R03_accel.csv,60,D04,"accel_time_list, accel_x_list, accel_y_list, accel_z_list"
/home/vinh_shindo/safewatch-fall-detector-edge-ai/data/raw/WEDA-FALL/dataset/5Hz/D04/U21_R01_accel.csv,77,D04,"accel_time_list, accel_x_list, accel_y_list, accel_z_list"
/home/vinh_shindo/safewatch-fall-detector-edge-ai/data/raw/WEDA-FALL/dataset/5Hz/D04/U21_R02_accel.csv,63,D04,"accel_time_list, accel_x_list, accel_y_list, accel_z_list"
/home/vinh_shindo/safewatch-fall-detector-edge-ai/data/raw/WEDA-FALL/dataset/5Hz/D04/U22_R01_accel.csv,88,D04,"accel_time_list, accel_x_list, accel_y_list, accel_z_list"
/home/vinh_shindo/safewatch-fall-detector-edge-ai/data/raw/WEDA-FALL/dataset/5Hz/D04/U22_R02_accel.csv,63,D04,"accel_time_list, accel_x_list, accel_y_list, accel_z_list"
/home/vinh_shindo/safewatch-fall-detector-edge-ai/data/raw/WEDA-FALL/dataset/5Hz/D04/U23_R01_accel.csv,49,D04,"accel_time_list, accel_x_list, accel_y_list, accel_z_list"
/home/vinh_shindo/safewatch-fall-detector-edge-ai/data/raw/WEDA-FALL/dataset/5Hz/D04/U23_R02_accel.csv,46,D04,"accel_time_list, accel_x_list, accel_y_list, accel_z_list"
/home/vinh_shindo/safewatch-fall-detector-edge-ai/data/raw/WEDA-FALL/dataset/5Hz/D04/U24_R01_accel.csv,32,D04,"accel_time_list, accel_x_list, accel_y_list, accel_z_list"
/home/vinh_shindo/safewatch-fall-detector-edge-ai/data/raw/WEDA-FALL/dataset/5Hz/D04/U24_R02_accel.csv,34,D04,"accel_time_list, accel_x_list, accel_y_list, accel_z_list"
/home/vinh_shindo/safewatch-fall-detector-edge-ai/data/raw/WEDA-FALL/dataset/5Hz/D04/U24_R03_accel.csv,38,D04,"accel_time_list, accel_x_list, accel_y_list, accel_z_list"
/home/vinh_shindo/safewatch-fall-detector-edge-ai/data/raw/WEDA-FALL/dataset/5Hz/D04/U25_R01_accel.csv,53,D04,"accel_time_list, accel_x_list, accel_y_list, accel_z_list"
/home/vinh_shindo/safewatch-fall-detector-edge-ai/data/raw/WEDA-FALL/dataset/5Hz/D04/U25_R02_accel.csv,64,D04,"accel_time_list, accel_x_list, accel_y_list, accel_z_list"
/home/vinh_shindo/safewatch-fall-detector-edge-ai/data/raw/WEDA-FALL/dataset/5Hz/D04/U26_R01_accel.csv,45,D04,"accel_time_list, accel_x_list, accel_y_list, accel_z_list"
/home/vinh_shindo/safewatch-fall-detector-edge-ai/data/raw/WEDA-FALL/dataset/5Hz/D04/U26_R02_accel.csv,47,D04,"accel_time_list, accel_x_list, accel_y_list, accel_z_list"
/home/vinh_shindo/safewatch-fall-detector-edge-ai/data/raw/WEDA-FALL/dataset/5Hz/D04/U26_R03_accel.csv,34,D04,"accel_time_list, accel_x_list, accel_y_list, accel_z_list"
/home/vinh_shindo/safewatch-fall-detector-edge-ai/data/raw/WEDA-FALL/dataset/5Hz/D04/U27_R01_accel.csv,45,D04,"accel_time_list, accel_x_list, accel_y_list, accel_z_list"
/home/vinh_shindo/safewatch-fall-detector-edge-ai/data/raw/WEDA-FALL/dataset/5Hz/D04/U27_R02_accel.csv,37,D04,"accel_time_list, accel_x_list, accel_y_list, accel_z_list"
/home/vinh_shindo/safewatch-fall-detector-edge-ai/data/raw/WEDA-FALL/dataset/5Hz/D04/U27_R03_accel.csv,46,D04,"accel_time_list, accel_x_list, accel_y_list, accel_z_list"
/home/vinh_shindo/safewatch-fall-detector-edge-ai/data/raw/WEDA-FALL/dataset/5Hz/D04/U28_R01_accel.csv,37,D04,"accel_time_list, accel_x_list, accel_y_list, accel_z_list"
/home/vinh_shindo/safewatch-fall-detector-edge-ai/data/raw/WEDA-FALL/dataset/5Hz/D04/U28_R02_accel.csv,43,D04,"accel_time_list, accel_x_list, accel_y_list, accel_z_list"
/home/vinh_shindo/safewatch-fall-detector-edge-ai/data/raw/WEDA-FALL/dataset/5Hz/D04/U28_R03_accel.csv,37,D04,"accel_time_list, accel_x_list, accel_y_list, accel_z_list"
/home/vinh_shindo/safewatch-fall-detector-edge-ai/data/raw/WEDA-FALL/dataset/5Hz/D04/U29_R01_accel.csv,40,D04,"accel_time_list, accel_x_list, accel_y_list, accel_z_list"
/home/vinh_shindo/safewatch-fall-detector-edge-ai/data/raw/WEDA-FALL/dataset/5Hz/D04/U29_R02_accel.csv,39,D04,"accel_time_list, accel_x_list, accel_y_list, accel_z_list"
/home/vinh_shindo/safewatch-fall-detector-edge-ai/data/raw/WEDA-FALL/dataset/5Hz/D04/U29_R03_accel.csv,26,D04,"accel_time_list, accel_x_list, accel_y_list, accel_z_list"
/home/vinh_shindo/safewatch-fall-detector-edge-ai/data/raw/WEDA-FALL/dataset/5Hz/D04/U30_R01_accel.csv,31,D04,"accel_time_list, accel_x_list, accel_y_list, accel_z_list"
/home/vinh_shindo/safewatch-fall-detector-edge-ai/data/raw/WEDA-FALL/dataset/5Hz/D04/U30_R02_accel.csv,24,D04,"accel_time_list, accel_x_list, accel_y_list, accel_z_list"
/home/vinh_shindo/safewatch-fall-detector-edge-ai/data/raw/WEDA-FALL/dataset/5Hz/D04/U30_R03_accel.csv,22,D04,"accel_time_list, accel_x_list, accel_y_list, accel_z_list"
/home/vinh_shindo/safewatch-fall-detector-edge-ai/data/raw/WEDA-FALL/dataset/5Hz/D04/U31_R01_accel.csv,37,D04,"accel_time_list, accel_x_list, accel_y_list, accel_z_list"
/home/vinh_shindo/safewatch-fall-detector-edge-ai/data/raw/WEDA-FALL/dataset/5Hz/D04/U31_R02_accel.csv,47,D04,"accel_time_list, accel_x_list, accel_y_list, accel_z_list"
/home/vinh_shindo/safewatch-fall-detector-edge-ai/data/raw/WEDA-FALL/dataset/5Hz/D04/U31_R03_accel.csv,34,D04,"accel_time_list, accel_x_list, accel_y_list, accel_z_list"
/home/vinh_shindo/safewatch-fall-detector-edge-ai/data/raw/WEDA-FALL/dataset/5Hz/D05/U01_R01_accel.csv,55,D05,"accel_time_list, accel_x_list, accel_y_list, accel_z_list"
/home/vinh_shindo/safewatch-fall-detector-edge-ai/data/raw/WEDA-FALL/dataset/5Hz/D05/U01_R02_accel.csv,57,D05,"accel_time_list, accel_x_list, accel_y_list, accel_z_list"
/home/vinh_shindo/safewatch-fall-detector-edge-ai/data/raw/WEDA-FALL/dataset/5Hz/D05/U01_R03_accel.csv,53,D05,"accel_time_list, accel_x_list, accel_y_list, accel_z_list"
/home/vinh_shindo/safewatch-fall-detector-edge-ai/data/raw/WEDA-FALL/dataset/5Hz/D05/U02_R01_accel.csv,54,D05,"accel_time_list, accel_x_list, accel_y_list, accel_z_list"
/home/vinh_shindo/safewatch-fall-detector-edge-ai/data/raw/WEDA-FALL/dataset/5Hz/D05/U02_R02_accel.csv,57,D05,"accel_time_list, accel_x_list, accel_y_list, accel_z_list"
/home/vinh_shindo/safewatch-fall-detector-edge-ai/data/raw/WEDA-FALL/dataset/5Hz/D05/U02_R03_accel.csv,49,D05,"accel_time_list, accel_x_list, accel_y_list, accel_z_list"
/home/vinh_shindo/safewatch-fall-detector-edge-ai/data/raw/WEDA-FALL/dataset/5Hz/D05/U03_R01_accel.csv,32,D05,"accel_time_list, accel_x_list, accel_y_list, accel_z_list"
/home/vinh_shindo/safewatch-fall-detector-edge-ai/data/raw/WEDA-FALL/dataset/5Hz/D05/U03_R02_accel.csv,38,D05,"accel_time_list, accel_x_list, accel_y_list, accel_z_list"
/home/vinh_shindo/safewatch-fall-detector-edge-ai/data/raw/WEDA-FALL/dataset/5Hz/D05/U03_R03_accel.csv,37,D05,"accel_time_list, accel_x_list, accel_y_list, accel_z_list"
/home/vinh_shindo/safewatch-fall-detector-edge-ai/data/raw/WEDA-FALL/dataset/5Hz/D05/U04_R01_accel.csv,39,D05,"accel_time_list, accel_x_list, accel_y_list, accel_z_list"
/home/vinh_shindo/safewatch-fall-detector-edge-ai/data/raw/WEDA-FALL/dataset/5Hz/D05/U04_R02_accel.csv,37,D05,"accel_time_list, accel_x_list, accel_y_list, accel_z_list"
/home/vinh_shindo/safewatch-fall-detector-edge-ai/data/raw/WEDA-FALL/dataset/5Hz/D05/U04_R03_accel.csv,36,D05,"accel_time_list, accel_x_list, accel_y_list, accel_z_list"
/home/vinh_shindo/safewatch-fall-detector-edge-ai/data/raw/WEDA-FALL/dataset/5Hz/D05/U05_R01_accel.csv,77,D05,"accel_time_list, accel_x_list, accel_y_list, accel_z_list"
/home/vinh_shindo/safewatch-fall-detector-edge-ai/data/raw/WEDA-FALL/dataset/5Hz/D05/U05_R02_accel.csv,70,D05,"accel_time_list, accel_x_list, accel_y_list, accel_z_list"
/home/vinh_shindo/safewatch-fall-detector-edge-ai/data/raw/WEDA-FALL/dataset/5Hz/D05/U05_R03_accel.csv,66,D05,"accel_time_list, accel_x_list, accel_y_list, accel_z_list"
/home/vinh_shindo/safewatch-fall-detector-edge-ai/data/raw/WEDA-FALL/dataset/5Hz/D05/U06_R01_accel.csv,58,D05,"accel_time_list, accel_x_list, accel_y_list, accel_z_list"
/home/vinh_shindo/safewatch-fall-detector-edge-ai/data/raw/WEDA-FALL/dataset/5Hz/D05/U06_R02_accel.csv,48,D05,"accel_time_list, accel_x_list, accel_y_list, accel_z_list"
/home/vinh_shindo/safewatch-fall-detector-edge-ai/data/raw/WEDA-FALL/dataset/5Hz/D05/U06_R03_accel.csv,61,D05,"accel_time_list, accel_x_list, accel_y_list, accel_z_list"
/home/vinh_shindo/safewatch-fall-detector-edge-ai/data/raw/WEDA-FALL/dataset/5Hz/D05/U07_R01_accel.csv,45,D05,"accel_time_list, accel_x_list, accel_y_list, accel_z_list"
/home/vinh_shindo/safewatch-fall-detector-edge-ai/data/raw/WEDA-FALL/dataset/5Hz/D05/U07_R02_accel.csv,43,D05,"accel_time_list, accel_x_list, accel_y_list, accel_z_list"
/home/vinh_shindo/safewatch-fall-detector-edge-ai/data/raw/WEDA-FALL/dataset/5Hz/D05/U07_R03_accel.csv,48,D05,"accel_time_list, accel_x_list, accel_y_list, accel_z_list"
/home/vinh_shindo/safewatch-fall-detector-edge-ai/data/raw/WEDA-FALL/dataset/5Hz/D05/U08_R01_accel.csv,90,D05,"accel_time_list, accel_x_list, accel_y_list, accel_z_list"
/home/vinh_shindo/safewatch-fall-detector-edge-ai/data/raw/WEDA-FALL/dataset/5Hz/D05/U08_R02_accel.csv,49,D05,"accel_time_list, accel_x_list, accel_y_list, accel_z_list"
/home/vinh_shindo/safewatch-fall-detector-edge-ai/data/raw/WEDA-FALL/dataset/5Hz/D05/U08_R03_accel.csv,57,D05,"accel_time_list, accel_x_list, accel_y_list, accel_z_list"
/home/vinh_shindo/safewatch-fall-detector-edge-ai/data/raw/WEDA-FALL/dataset/5Hz/D05/U09_R01_accel.csv,42,D05,"accel_time_list, accel_x_list, accel_y_list, accel_z_list"
/home/vinh_shindo/safewatch-fall-detector-edge-ai/data/raw/WEDA-FALL/dataset/5Hz/D05/U09_R02_accel.csv,42,D05,"accel_time_list, accel_x_list, accel_y_list, accel_z_list"
/home/vinh_shindo/safewatch-fall-detector-edge-ai/data/raw/WEDA-FALL/dataset/5Hz/D05/U09_R03_accel.csv,40,D05,"accel_time_list, accel_x_list, accel_y_list, accel_z_list"
/home/vinh_shindo/safewatch-fall-detector-edge-ai/data/raw/WEDA-FALL/dataset/5Hz/D05/U10_R01_accel.csv,44,D05,"accel_time_list, accel_x_list, accel_y_list, accel_z_list"
/home/vinh_shindo/safewatch-fall-detector-edge-ai/data/raw/WEDA-FALL/dataset/5Hz/D05/U10_R02_accel.csv,45,D05,"accel_time_list, accel_x_list, accel_y_list, accel_z_list"
/home/vinh_shindo/safewatch-fall-detector-edge-ai/data/raw/WEDA-FALL/dataset/5Hz/D05/U10_R03_accel.csv,43,D05,"accel_time_list, accel_x_list, accel_y_list, accel_z_list"
/home/vinh_shindo/safewatch-fall-detector-edge-ai/data/raw/WEDA-FALL/dataset/5Hz/D05/U11_R01_accel.csv,40,D05,"accel_time_list, accel_x_list, accel_y_list, accel_z_list"
/home/vinh_shindo/safewatch-fall-detector-edge-ai/data/raw/WEDA-FALL/dataset/5Hz/D05/U11_R02_accel.csv,41,D05,"accel_time_list, accel_x_list, accel_y_list, accel_z_list"
/home/vinh_shindo/safewatch-fall-detector-edge-ai/data/raw/WEDA-FALL/dataset/5Hz/D05/U11_R03_accel.csv,47,D05,"accel_time_list, accel_x_list, accel_y_list, accel_z_list"
/home/vinh_shindo/safewatch-fall-detector-edge-ai/data/raw/WEDA-FALL/dataset/5Hz/D05/U12_R01_accel.csv,42,D05,"accel_time_list, accel_x_list, accel_y_list, accel_z_list"
/home/vinh_shindo/safewatch-fall-detector-edge-ai/data/raw/WEDA-FALL/dataset/5Hz/D05/U12_R02_accel.csv,52,D05,"accel_time_list, accel_x_list, accel_y_list, accel_z_list"
/home/vinh_shindo/safewatch-fall-detector-edge-ai/data/raw/WEDA-FALL/dataset/5Hz/D05/U12_R03_accel.csv,45,D05,"accel_time_list, accel_x_list, accel_y_list, accel_z_list"
/home/vinh_shindo/safewatch-fall-detector-edge-ai/data/raw/WEDA-FALL/dataset/5Hz/D05/U13_R01_accel.csv,44,D05,"accel_time_list, accel_x_list, accel_y_list, accel_z_list"
/home/vinh_shindo/safewatch-fall-detector-edge-ai/data/raw/WEDA-FALL/dataset/5Hz/D05/U13_R02_accel.csv,41,D05,"accel_time_list, accel_x_list, accel_y_list, accel_z_list"
/home/vinh_shindo/safewatch-fall-detector-edge-ai/data/raw/WEDA-FALL/dataset/5Hz/D05/U13_R03_accel.csv,42,D05,"accel_time_list, accel_x_list, accel_y_list, accel_z_list"
/home/vinh_shindo/safewatch-fall-detector-edge-ai/data/raw/WEDA-FALL/dataset/5Hz/D05/U14_R01_accel.csv,49,D05,"accel_time_list, accel_x_list, accel_y_list, accel_z_list"
/home/vinh_shindo/safewatch-fall-detector-edge-ai/data/raw/WEDA-FALL/dataset/5Hz/D05/U14_R02_accel.csv,61,D05,"accel_time_list, accel_x_list, accel_y_list, accel_z_list"
/home/vinh_shindo/safewatch-fall-detector-edge-ai/data/raw/WEDA-FALL/dataset/5Hz/D05/U14_R03_accel.csv,49,D05,"accel_time_list, accel_x_list, accel_y_list, accel_z_list"
/home/vinh_shindo/safewatch-fall-detector-edge-ai/data/raw/WEDA-FALL/dataset/5Hz/D06/U01_R01_accel.csv,96,D06,"accel_time_list, accel_x_list, accel_y_list, accel_z_list"
/home/vinh_shindo/safewatch-fall-detector-edge-ai/data/raw/WEDA-FALL/dataset/5Hz/D06/U01_R02_accel.csv,116,D06,"accel_time_list, accel_x_list, accel_y_list, accel_z_list"
/home/vinh_shindo/safewatch-fall-detector-edge-ai/data/raw/WEDA-FALL/dataset/5Hz/D06/U01_R03_accel.csv,114,D06,"accel_time_list, accel_x_list, accel_y_list, accel_z_list"
/home/vinh_shindo/safewatch-fall-detector-edge-ai/data/raw/WEDA-FALL/dataset/5Hz/D06/U02_R01_accel.csv,114,D06,"accel_time_list, accel_x_list, accel_y_list, accel_z_list"
/home/vinh_shindo/safewatch-fall-detector-edge-ai/data/raw/WEDA-FALL/dataset/5Hz/D06/U02_R02_accel.csv,97,D06,"accel_time_list, accel_x_list, accel_y_list, accel_z_list"
/home/vinh_shindo/safewatch-fall-detector-edge-ai/data/raw/WEDA-FALL/dataset/5Hz/D06/U02_R03_accel.csv,95,D06,"accel_time_list, accel_x_list, accel_y_list, accel_z_list"
/home/vinh_shindo/safewatch-fall-detector-edge-ai/data/raw/WEDA-FALL/dataset/5Hz/D06/U03_R01_accel.csv,65,D06,"accel_time_list, accel_x_list, accel_y_list, accel_z_list"
/home/vinh_shindo/safewatch-fall-detector-edge-ai/data/raw/WEDA-FALL/dataset/5Hz/D06/U03_R02_accel.csv,65,D06,"accel_time_list, accel_x_list, accel_y_list, accel_z_list"
/home/vinh_shindo/safewatch-fall-detector-edge-ai/data/raw/WEDA-FALL/dataset/5Hz/D06/U03_R03_accel.csv,66,D06,"accel_time_list, accel_x_list, accel_y_list, accel_z_list"
/home/vinh_shindo/safewatch-fall-detector-edge-ai/data/raw/WEDA-FALL/dataset/5Hz/D06/U04_R01_accel.csv,47,D06,"accel_time_list, accel_x_list, accel_y_list, accel_z_list"
/home/vinh_shindo/safewatch-fall-detector-edge-ai/data/raw/WEDA-FALL/dataset/5Hz/D06/U04_R02_accel.csv,50,D06,"accel_time_list, accel_x_list, accel_y_list, accel_z_list"
/home/vinh_shindo/safewatch-fall-detector-edge-ai/data/raw/WEDA-FALL/dataset/5Hz/D06/U04_R03_accel.csv,48,D06,"accel_time_list, accel_x_list, accel_y_list, accel_z_list"
/home/vinh_shindo/safewatch-fall-detector-edge-ai/data/raw/WEDA-FALL/dataset/5Hz/D06/U05_R01_accel.csv,103,D06,"accel_time_list, accel_x_list, accel_y_list, accel_z_list"
/home/vinh_shindo/safewatch-fall-detector-edge-ai/data/raw/WEDA-FALL/dataset/5Hz/D06/U05_R02_accel.csv,120,D06,"accel_time_list, accel_x_list, accel_y_list, accel_z_list"
/home/vinh_shindo/safewatch-fall-detector-edge-ai/data/raw/WEDA-FALL/dataset/5Hz/D06/U05_R03_accel.csv,116,D06,"accel_time_list, accel_x_list, accel_y_list, accel_z_list"
/home/vinh_shindo/safewatch-fall-detector-edge-ai/data/raw/WEDA-FALL/dataset/5Hz/D06/U06_R01_accel.csv,56,D06,"accel_time_list, accel_x_list, accel_y_list, accel_z_list"
/home/vinh_shindo/safewatch-fall-detector-edge-ai/data/raw/WEDA-FALL/dataset/5Hz/D06/U06_R02_accel.csv,59,D06,"accel_time_list, accel_x_list, accel_y_list, accel_z_list"
/home/vinh_shindo/safewatch-fall-detector-edge-ai/data/raw/WEDA-FALL/dataset/5Hz/D06/U06_R03_accel.csv,64,D06,"accel_time_list, accel_x_list, accel_y_list, accel_z_list"
/home/vinh_shindo/safewatch-fall-detector-edge-ai/data/raw/WEDA-FALL/dataset/5Hz/D06/U07_R01_accel.csv,59,D06,"accel_time_list, accel_x_list, accel_y_list, accel_z_list"
/home/vinh_shindo/safewatch-fall-detector-edge-ai/data/raw/WEDA-FALL/dataset/5Hz/D06/U07_R02_accel.csv,66,D06,"accel_time_list, accel_x_list, accel_y_list, accel_z_list"
/home/vinh_shindo/safewatch-fall-detector-edge-ai/data/raw/WEDA-FALL/dataset/5Hz/D06/U07_R03_accel.csv,77,D06,"accel_time_list, accel_x_list, accel_y_list, accel_z_list"
/home/vinh_shindo/safewatch-fall-detector-edge-ai/data/raw/WEDA-FALL/dataset/5Hz/D06/U08_R01_accel.csv,84,D06,"accel_time_list, accel_x_list, accel_y_list, accel_z_list"
/home/vinh_shindo/safewatch-fall-detector-edge-ai/data/raw/WEDA-FALL/dataset/5Hz/D06/U08_R02_accel.csv,53,D06,"accel_time_list, accel_x_list, accel_y_list, accel_z_list"
/home/vinh_shindo/safewatch-fall-detector-edge-ai/data/raw/WEDA-FALL/dataset/5Hz/D06/U08_R03_accel.csv,89,D06,"accel_time_list, accel_x_list, accel_y_list, accel_z_list"
/home/vinh_shindo/safewatch-fall-detector-edge-ai/data/raw/WEDA-FALL/dataset/5Hz/D06/U09_R01_accel.csv,84,D06,"accel_time_list, accel_x_list, accel_y_list, accel_z_list"
/home/vinh_shindo/safewatch-fall-detector-edge-ai/data/raw/WEDA-FALL/dataset/5Hz/D06/U09_R02_accel.csv,75,D06,"accel_time_list, accel_x_list, accel_y_list, accel_z_list"
/home/vinh_shindo/safewatch-fall-detector-edge-ai/data/raw/WEDA-FALL/dataset/5Hz/D06/U09_R03_accel.csv,63,D06,"accel_time_list, accel_x_list, accel_y_list, accel_z_list"
/home/vinh_shindo/safewatch-fall-detector-edge-ai/data/raw/WEDA-FALL/dataset/5Hz/D06/U10_R01_accel.csv,58,D06,"accel_time_list, accel_x_list, accel_y_list, accel_z_list"
/home/vinh_shindo/safewatch-fall-detector-edge-ai/data/raw/WEDA-FALL/dataset/5Hz/D06/U10_R02_accel.csv,57,D06,"accel_time_list, accel_x_list, accel_y_list, accel_z_list"
/home/vinh_shindo/safewatch-fall-detector-edge-ai/data/raw/WEDA-FALL/dataset/5Hz/D06/U10_R03_accel.csv,62,D06,"accel_time_list, accel_x_list, accel_y_list, accel_z_list"
/home/vinh_shindo/safewatch-fall-detector-edge-ai/data/raw/WEDA-FALL/dataset/5Hz/D06/U11_R01_accel.csv,66,D06,"accel_time_list, accel_x_list, accel_y_list, accel_z_list"
/home/vinh_shindo/safewatch-fall-detector-edge-ai/data/raw/WEDA-FALL/dataset/5Hz/D06/U11_R02_accel.csv,67,D06,"accel_time_list, accel_x_list, accel_y_list, accel_z_list"
/home/vinh_shindo/safewatch-fall-detector-edge-ai/data/raw/WEDA-FALL/dataset/5Hz/D06/U11_R03_accel.csv,56,D06,"accel_time_list, accel_x_list, accel_y_list, accel_z_list"
/home/vinh_shindo/safewatch-fall-detector-edge-ai/data/raw/WEDA-FALL/dataset/5Hz/D06/U12_R01_accel.csv,58,D06,"accel_time_list, accel_x_list, accel_y_list, accel_z_list"
/home/vinh_shindo/safewatch-fall-detector-edge-ai/data/raw/WEDA-FALL/dataset/5Hz/D06/U12_R02_accel.csv,48,D06,"accel_time_list, accel_x_list, accel_y_list, accel_z_list"
/home/vinh_shindo/safewatch-fall-detector-edge-ai/data/raw/WEDA-FALL/dataset/5Hz/D06/U12_R03_accel.csv,41,D06,"accel_time_list, accel_x_list, accel_y_list, accel_z_list"
/home/vinh_shindo/safewatch-fall-detector-edge-ai/data/raw/WEDA-FALL/dataset/5Hz/D06/U13_R01_accel.csv,75,D06,"accel_time_list, accel_x_list, accel_y_list, accel_z_list"
/home/vinh_shindo/safewatch-fall-detector-edge-ai/data/raw/WEDA-FALL/dataset/5Hz/D06/U13_R02_accel.csv,72,D06,"accel_time_list, accel_x_list, accel_y_list, accel_z_list"
/home/vinh_shindo/safewatch-fall-detector-edge-ai/data/raw/WEDA-FALL/dataset/5Hz/D06/U13_R03_accel.csv,83,D06,"accel_time_list, accel_x_list, accel_y_list, accel_z_list"
/home/vinh_shindo/safewatch-fall-detector-edge-ai/data/raw/WEDA-FALL/dataset/5Hz/D06/U14_R01_accel.csv,65,D06,"accel_time_list, accel_x_list, accel_y_list, accel_z_list"
/home/vinh_shindo/safewatch-fall-detector-edge-ai/data/raw/WEDA-FALL/dataset/5Hz/D06/U14_R02_accel.csv,57,D06,"accel_time_list, accel_x_list, accel_y_list, accel_z_list"
/home/vinh_shindo/safewatch-fall-detector-edge-ai/data/raw/WEDA-FALL/dataset/5Hz/D06/U14_R03_accel.csv,68,D06,"accel_time_list, accel_x_list, accel_y_list, accel_z_list"
/home/vinh_shindo/safewatch-fall-detector-edge-ai/data/raw/WEDA-FALL/dataset/5Hz/D07/U01_R01_accel.csv,45,D07,"accel_time_list, accel_x_list, accel_y_list, accel_z_list"
/home/vinh_shindo/safewatch-fall-detector-edge-ai/data/raw/WEDA-FALL/dataset/5Hz/D07/U01_R02_accel.csv,55,D07,"accel_time_list, accel_x_list, accel_y_list, accel_z_list"
/home/vinh_shindo/safewatch-fall-detector-edge-ai/data/raw/WEDA-FALL/dataset/5Hz/D07/U01_R03_accel.csv,55,D07,"accel_time_list, accel_x_list, accel_y_list, accel_z_list"
/home/vinh_shindo/safewatch-fall-detector-edge-ai/data/raw/WEDA-FALL/dataset/5Hz/D07/U02_R01_accel.csv,49,D07,"accel_time_list, accel_x_list, accel_y_list, accel_z_list"
/home/vinh_shindo/safewatch-fall-detector-edge-ai/data/raw/WEDA-FALL/dataset/5Hz/D07/U02_R02_accel.csv,42,D07,"accel_time_list, accel_x_list, accel_y_list, accel_z_list"
/home/vinh_shindo/safewatch-fall-detector-edge-ai/data/raw/WEDA-FALL/dataset/5Hz/D07/U02_R03_accel.csv,51,D07,"accel_time_list, accel_x_list, accel_y_list, accel_z_list"
/home/vinh_shindo/safewatch-fall-detector-edge-ai/data/raw/WEDA-FALL/dataset/5Hz/D07/U03_R01_accel.csv,34,D07,"accel_time_list, accel_x_list, accel_y_list, accel_z_list"
/home/vinh_shindo/safewatch-fall-detector-edge-ai/data/raw/WEDA-FALL/dataset/5Hz/D07/U03_R02_accel.csv,32,D07,"accel_time_list, accel_x_list, accel_y_list, accel_z_list"
/home/vinh_shindo/safewatch-fall-detector-edge-ai/data/raw/WEDA-FALL/dataset/5Hz/D07/U03_R03_accel.csv,33,D07,"accel_time_list, accel_x_list, accel_y_list, accel_z_list"
/home/vinh_shindo/safewatch-fall-detector-edge-ai/data/raw/WEDA-FALL/dataset/5Hz/D07/U04_R01_accel.csv,43,D07,"accel_time_list, accel_x_list, accel_y_list, accel_z_list"
/home/vinh_shindo/safewatch-fall-detector-edge-ai/data/raw/WEDA-FALL/dataset/5Hz/D07/U04_R02_accel.csv,38,D07,"accel_time_list, accel_x_list, accel_y_list, accel_z_list"
/home/vinh_shindo/safewatch-fall-detector-edge-ai/data/raw/WEDA-FALL/dataset/5Hz/D07/U04_R03_accel.csv,34,D07,"accel_time_list, accel_x_list, accel_y_list, accel_z_list"
/home/vinh_shindo/safewatch-fall-detector-edge-ai/data/raw/WEDA-FALL/dataset/5Hz/D07/U05_R01_accel.csv,68,D07,"accel_time_list, accel_x_list, accel_y_list, accel_z_list"
/home/vinh_shindo/safewatch-fall-detector-edge-ai/data/raw/WEDA-FALL/dataset/5Hz/D07/U05_R02_accel.csv,59,D07,"accel_time_list, accel_x_list, accel_y_list, accel_z_list"
/home/vinh_shindo/safewatch-fall-detector-edge-ai/data/raw/WEDA-FALL/dataset/5Hz/D07/U05_R03_accel.csv,64,D07,"accel_time_list, accel_x_list, accel_y_list, accel_z_list"
/home/vinh_shindo/safewatch-fall-detector-edge-ai/data/raw/WEDA-FALL/dataset/5Hz/D07/U06_R01_accel.csv,55,D07,"accel_time_list, accel_x_list, accel_y_list, accel_z_list"
/home/vinh_shindo/safewatch-fall-detector-edge-ai/data/raw/WEDA-FALL/dataset/5Hz/D07/U06_R02_accel.csv,42,D07,"accel_time_list, accel_x_list, accel_y_list, accel_z_list"
/home/vinh_shindo/safewatch-fall-detector-edge-ai/data/raw/WEDA-FALL/dataset/5Hz/D07/U06_R03_accel.csv,52,D07,"accel_time_list, accel_x_list, accel_y_list, accel_z_list"
/home/vinh_shindo/safewatch-fall-detector-edge-ai/data/raw/WEDA-FALL/dataset/5Hz/D07/U07_R01_accel.csv,40,D07,"accel_time_list, accel_x_list, accel_y_list, accel_z_list"
/home/vinh_shindo/safewatch-fall-detector-edge-ai/data/raw/WEDA-FALL/dataset/5Hz/D07/U07_R02_accel.csv,51,D07,"accel_time_list, accel_x_list, accel_y_list, accel_z_list"
/home/vinh_shindo/safewatch-fall-detector-edge-ai/data/raw/WEDA-FALL/dataset/5Hz/D07/U07_R03_accel.csv,47,D07,"accel_time_list, accel_x_list, accel_y_list, accel_z_list"
/home/vinh_shindo/safewatch-fall-detector-edge-ai/data/raw/WEDA-FALL/dataset/5Hz/D07/U08_R01_accel.csv,57,D07,"accel_time_list, accel_x_list, accel_y_list, accel_z_list"
/home/vinh_shindo/safewatch-fall-detector-edge-ai/data/raw/WEDA-FALL/dataset/5Hz/D07/U08_R02_accel.csv,45,D07,"accel_time_list, accel_x_list, accel_y_list, accel_z_list"
/home/vinh_shindo/safewatch-fall-detector-edge-ai/data/raw/WEDA-FALL/dataset/5Hz/D07/U08_R03_accel.csv,51,D07,"accel_time_list, accel_x_list, accel_y_list, accel_z_list"
/home/vinh_shindo/safewatch-fall-detector-edge-ai/data/raw/WEDA-FALL/dataset/5Hz/D07/U09_R01_accel.csv,65,D07,"accel_time_list, accel_x_list, accel_y_list, accel_z_list"
/home/vinh_shindo/safewatch-fall-detector-edge-ai/data/raw/WEDA-FALL/dataset/5Hz/D07/U09_R02_accel.csv,53,D07,"accel_time_list, accel_x_list, accel_y_list, accel_z_list"
/home/vinh_shindo/safewatch-fall-detector-edge-ai/data/raw/WEDA-FALL/dataset/5Hz/D07/U09_R03_accel.csv,52,D07,"accel_time_list, accel_x_list, accel_y_list, accel_z_list"
/home/vinh_shindo/safewatch-fall-detector-edge-ai/data/raw/WEDA-FALL/dataset/5Hz/D07/U10_R01_accel.csv,39,D07,"accel_time_list, accel_x_list, accel_y_list, accel_z_list"
/home/vinh_shindo/safewatch-fall-detector-edge-ai/data/raw/WEDA-FALL/dataset/5Hz/D07/U10_R02_accel.csv,40,D07,"accel_time_list, accel_x_list, accel_y_list, accel_z_list"
/home/vinh_shindo/safewatch-fall-detector-edge-ai/data/raw/WEDA-FALL/dataset/5Hz/D07/U10_R03_accel.csv,46,D07,"accel_time_list, accel_x_list, accel_y_list, accel_z_list"
/home/vinh_shindo/safewatch-fall-detector-edge-ai/data/raw/WEDA-FALL/dataset/5Hz/D07/U11_R01_accel.csv,43,D07,"accel_time_list, accel_x_list, accel_y_list, accel_z_list"
/home/vinh_shindo/safewatch-fall-detector-edge-ai/data/raw/WEDA-FALL/dataset/5Hz/D07/U11_R02_accel.csv,55,D07,"accel_time_list, accel_x_list, accel_y_list, accel_z_list"
/home/vinh_shindo/safewatch-fall-detector-edge-ai/data/raw/WEDA-FALL/dataset/5Hz/D07/U11_R03_accel.csv,41,D07,"accel_time_list, accel_x_list, accel_y_list, accel_z_list"
/home/vinh_shindo/safewatch-fall-detector-edge-ai/data/raw/WEDA-FALL/dataset/5Hz/D07/U12_R01_accel.csv,32,D07,"accel_time_list, accel_x_list, accel_y_list, accel_z_list"
/home/vinh_shindo/safewatch-fall-detector-edge-ai/data/raw/WEDA-FALL/dataset/5Hz/D07/U12_R02_accel.csv,33,D07,"accel_time_list, accel_x_list, accel_y_list, accel_z_list"
/home/vinh_shindo/safewatch-fall-detector-edge-ai/data/raw/WEDA-FALL/dataset/5Hz/D07/U12_R03_accel.csv,36,D07,"accel_time_list, accel_x_list, accel_y_list, accel_z_list"
/home/vinh_shindo/safewatch-fall-detector-edge-ai/data/raw/WEDA-FALL/dataset/5Hz/D07/U13_R01_accel.csv,39,D07,"accel_time_list, accel_x_list, accel_y_list, accel_z_list"
/home/vinh_shindo/safewatch-fall-detector-edge-ai/data/raw/WEDA-FALL/dataset/5Hz/D07/U13_R02_accel.csv,41,D07,"accel_time_list, accel_x_list, accel_y_list, accel_z_list"
/home/vinh_shindo/safewatch-fall-detector-edge-ai/data/raw/WEDA-FALL/dataset/5Hz/D07/U13_R03_accel.csv,33,D07,"accel_time_list, accel_x_list, accel_y_list, accel_z_list"
/home/vinh_shindo/safewatch-fall-detector-edge-ai/data/raw/WEDA-FALL/dataset/5Hz/D07/U14_R01_accel.csv,48,D07,"accel_time_list, accel_x_list, accel_y_list, accel_z_list"
/home/vinh_shindo/safewatch-fall-detector-edge-ai/data/raw/WEDA-FALL/dataset/5Hz/D07/U14_R02_accel.csv,57,D07,"accel_time_list, accel_x_list, accel_y_list, accel_z_list"
/home/vinh_shindo/safewatch-fall-detector-edge-ai/data/raw/WEDA-FALL/dataset/5Hz/D07/U14_R03_accel.csv,52,D07,"accel_time_list, accel_x_list, accel_y_list, accel_z_list"
/home/vinh_shindo/safewatch-fall-detector-edge-ai/data/raw/WEDA-FALL/dataset/5Hz/D08/U01_R01_accel.csv,43,D08,"accel_time_list, accel_x_list, accel_y_list, accel_z_list"
/home/vinh_shindo/safewatch-fall-detector-edge-ai/data/raw/WEDA-FALL/dataset/5Hz/D08/U01_R02_accel.csv,40,D08,"accel_time_list, accel_x_list, accel_y_list, accel_z_list"
/home/vinh_shindo/safewatch-fall-detector-edge-ai/data/raw/WEDA-FALL/dataset/5Hz/D08/U01_R03_accel.csv,44,D08,"accel_time_list, accel_x_list, accel_y_list, accel_z_list"
/home/vinh_shindo/safewatch-fall-detector-edge-ai/data/raw/WEDA-FALL/dataset/5Hz/D08/U02_R01_accel.csv,33,D08,"accel_time_list, accel_x_list, accel_y_list, accel_z_list"
/home/vinh_shindo/safewatch-fall-detector-edge-ai/data/raw/WEDA-FALL/dataset/5Hz/D08/U02_R02_accel.csv,41,D08,"accel_time_list, accel_x_list, accel_y_list, accel_z_list"
/home/vinh_shindo/safewatch-fall-detector-edge-ai/data/raw/WEDA-FALL/dataset/5Hz/D08/U02_R03_accel.csv,33,D08,"accel_time_list, accel_x_list, accel_y_list, accel_z_list"
/home/vinh_shindo/safewatch-fall-detector-edge-ai/data/raw/WEDA-FALL/dataset/5Hz/D08/U03_R01_accel.csv,31,D08,"accel_time_list, accel_x_list, accel_y_list, accel_z_list"
/home/vinh_shindo/safewatch-fall-detector-edge-ai/data/raw/WEDA-FALL/dataset/5Hz/D08/U03_R02_accel.csv,43,D08,"accel_time_list, accel_x_list, accel_y_list, accel_z_list"
/home/vinh_shindo/safewatch-fall-detector-edge-ai/data/raw/WEDA-FALL/dataset/5Hz/D08/U03_R03_accel.csv,42,D08,"accel_time_list, accel_x_list, accel_y_list, accel_z_list"
/home/vinh_shindo/safewatch-fall-detector-edge-ai/data/raw/WEDA-FALL/dataset/5Hz/D08/U04_R01_accel.csv,24,D08,"accel_time_list, accel_x_list, accel_y_list, accel_z_list"
/home/vinh_shindo/safewatch-fall-detector-edge-ai/data/raw/WEDA-FALL/dataset/5Hz/D08/U04_R02_accel.csv,20,D08,"accel_time_list, accel_x_list, accel_y_list, accel_z_list"
/home/vinh_shindo/safewatch-fall-detector-edge-ai/data/raw/WEDA-FALL/dataset/5Hz/D08/U04_R03_accel.csv,22,D08,"accel_time_list, accel_x_list, accel_y_list, accel_z_list"
/home/vinh_shindo/safewatch-fall-detector-edge-ai/data/raw/WEDA-FALL/dataset/5Hz/D08/U05_R01_accel.csv,55,D08,"accel_time_list, accel_x_list, accel_y_list, accel_z_list"
/home/vinh_shindo/safewatch-fall-detector-edge-ai/data/raw/WEDA-FALL/dataset/5Hz/D08/U05_R02_accel.csv,61,D08,"accel_time_list, accel_x_list, accel_y_list, accel_z_list"
/home/vinh_shindo/safewatch-fall-detector-edge-ai/data/raw/WEDA-FALL/dataset/5Hz/D08/U05_R03_accel.csv,50,D08,"accel_time_list, accel_x_list, accel_y_list, accel_z_list"
/home/vinh_shindo/safewatch-fall-detector-edge-ai/data/raw/WEDA-FALL/dataset/5Hz/D08/U06_R01_accel.csv,35,D08,"accel_time_list, accel_x_list, accel_y_list, accel_z_list"
/home/vinh_shindo/safewatch-fall-detector-edge-ai/data/raw/WEDA-FALL/dataset/5Hz/D08/U06_R02_accel.csv,31,D08,"accel_time_list, accel_x_list, accel_y_list, accel_z_list"
/home/vinh_shindo/safewatch-fall-detector-edge-ai/data/raw/WEDA-FALL/dataset/5Hz/D08/U06_R03_accel.csv,47,D08,"accel_time_list, accel_x_list, accel_y_list, accel_z_list"
/home/vinh_shindo/safewatch-fall-detector-edge-ai/data/raw/WEDA-FALL/dataset/5Hz/D08/U07_R01_accel.csv,30,D08,"accel_time_list, accel_x_list, accel_y_list, accel_z_list"
/home/vinh_shindo/safewatch-fall-detector-edge-ai/data/raw/WEDA-FALL/dataset/5Hz/D08/U07_R02_accel.csv,42,D08,"accel_time_list, accel_x_list, accel_y_list, accel_z_list"
/home/vinh_shindo/safewatch-fall-detector-edge-ai/data/raw/WEDA-FALL/dataset/5Hz/D08/U07_R03_accel.csv,45,D08,"accel_time_list, accel_x_list, accel_y_list, accel_z_list"
/home/vinh_shindo/safewatch-fall-detector-edge-ai/data/raw/WEDA-FALL/dataset/5Hz/D08/U08_R01_accel.csv,39,D08,"accel_time_list, accel_x_list, accel_y_list, accel_z_list"
/home/vinh_shindo/safewatch-fall-detector-edge-ai/data/raw/WEDA-FALL/dataset/5Hz/D08/U08_R02_accel.csv,30,D08,"accel_time_list, accel_x_list, accel_y_list, accel_z_list"
/home/vinh_shindo/safewatch-fall-detector-edge-ai/data/raw/WEDA-FALL/dataset/5Hz/D08/U08_R03_accel.csv,29,D08,"accel_time_list, accel_x_list, accel_y_list, accel_z_list"
/home/vinh_shindo/safewatch-fall-detector-edge-ai/data/raw/WEDA-FALL/dataset/5Hz/D08/U09_R01_accel.csv,23,D08,"accel_time_list, accel_x_list, accel_y_list, accel_z_list"
/home/vinh_shindo/safewatch-fall-detector-edge-ai/data/raw/WEDA-FALL/dataset/5Hz/D08/U09_R02_accel.csv,18,D08,"accel_time_list, accel_x_list, accel_y_list, accel_z_list"
/home/vinh_shindo/safewatch-fall-detector-edge-ai/data/raw/WEDA-FALL/dataset/5Hz/D08/U09_R03_accel.csv,15,D08,"accel_time_list, accel_x_list, accel_y_list, accel_z_list"
/home/vinh_shindo/safewatch-fall-detector-edge-ai/data/raw/WEDA-FALL/dataset/5Hz/D08/U10_R01_accel.csv,26,D08,"accel_time_list, accel_x_list, accel_y_list, accel_z_list"
/home/vinh_shindo/safewatch-fall-detector-edge-ai/data/raw/WEDA-FALL/dataset/5Hz/D08/U10_R02_accel.csv,24,D08,"accel_time_list, accel_x_list, accel_y_list, accel_z_list"
/home/vinh_shindo/safewatch-fall-detector-edge-ai/data/raw/WEDA-FALL/dataset/5Hz/D08/U10_R03_accel.csv,29,D08,"accel_time_list, accel_x_list, accel_y_list, accel_z_list"
/home/vinh_shindo/safewatch-fall-detector-edge-ai/data/raw/WEDA-FALL/dataset/5Hz/D08/U11_R01_accel.csv,25,D08,"accel_time_list, accel_x_list, accel_y_list, accel_z_list"
/home/vinh_shindo/safewatch-fall-detector-edge-ai/data/raw/WEDA-FALL/dataset/5Hz/D08/U11_R02_accel.csv,34,D08,"accel_time_list, accel_x_list, accel_y_list, accel_z_list"
/home/vinh_shindo/safewatch-fall-detector-edge-ai/data/raw/WEDA-FALL/dataset/5Hz/D08/U11_R03_accel.csv,34,D08,"accel_time_list, accel_x_list, accel_y_list, accel_z_list"
/home/vinh_shindo/safewatch-fall-detector-edge-ai/data/raw/WEDA-FALL/dataset/5Hz/D08/U12_R01_accel.csv,33,D08,"accel_time_list, accel_x_list, accel_y_list, accel_z_list"
/home/vinh_shindo/safewatch-fall-detector-edge-ai/data/raw/WEDA-FALL/dataset/5Hz/D08/U12_R02_accel.csv,24,D08,"accel_time_list, accel_x_list, accel_y_list, accel_z_list"
/home/vinh_shindo/safewatch-fall-detector-edge-ai/data/raw/WEDA-FALL/dataset/5Hz/D08/U12_R03_accel.csv,24,D08,"accel_time_list, accel_x_list, accel_y_list, accel_z_list"
/home/vinh_shindo/safewatch-fall-detector-edge-ai/data/raw/WEDA-FALL/dataset/5Hz/D08/U13_R01_accel.csv,22,D08,"accel_time_list, accel_x_list, accel_y_list, accel_z_list"
/home/vinh_shindo/safewatch-fall-detector-edge-ai/data/raw/WEDA-FALL/dataset/5Hz/D08/U13_R02_accel.csv,22,D08,"accel_time_list, accel_x_list, accel_y_list, accel_z_list"
/home/vinh_shindo/safewatch-fall-detector-edge-ai/data/raw/WEDA-FALL/dataset/5Hz/D08/U13_R03_accel.csv,20,D08,"accel_time_list, accel_x_list, accel_y_list, accel_z_list"
/home/vinh_shindo/safewatch-fall-detector-edge-ai/data/raw/WEDA-FALL/dataset/5Hz/D08/U14_R01_accel.csv,31,D08,"accel_time_list, accel_x_list, accel_y_list, accel_z_list"
/home/vinh_shindo/safewatch-fall-detector-edge-ai/data/raw/WEDA-FALL/dataset/5Hz/D08/U14_R02_accel.csv,38,D08,"accel_time_list, accel_x_list, accel_y_list, accel_z_list"
/home/vinh_shindo/safewatch-fall-detector-edge-ai/data/raw/WEDA-FALL/dataset/5Hz/D08/U14_R03_accel.csv,28,D08,"accel_time_list, accel_x_list, accel_y_list, accel_z_list"
/home/vinh_shindo/safewatch-fall-detector-edge-ai/data/raw/WEDA-FALL/dataset/5Hz/D09/U01_R01_accel.csv,35,D09,"accel_time_list, accel_x_list, accel_y_list, accel_z_list"
/home/vinh_shindo/safewatch-fall-detector-edge-ai/data/raw/WEDA-FALL/dataset/5Hz/D09/U01_R02_accel.csv,32,D09,"accel_time_list, accel_x_list, accel_y_list, accel_z_list"
/home/vinh_shindo/safewatch-fall-detector-edge-ai/data/raw/WEDA-FALL/dataset/5Hz/D09/U01_R03_accel.csv,34,D09,"accel_time_list, accel_x_list, accel_y_list, accel_z_list"
/home/vinh_shindo/safewatch-fall-detector-edge-ai/data/raw/WEDA-FALL/dataset/5Hz/D09/U02_R01_accel.csv,27,D09,"accel_time_list, accel_x_list, accel_y_list, accel_z_list"
/home/vinh_shindo/safewatch-fall-detector-edge-ai/data/raw/WEDA-FALL/dataset/5Hz/D09/U02_R02_accel.csv,34,D09,"accel_time_list, accel_x_list, accel_y_list, accel_z_list"
/home/vinh_shindo/safewatch-fall-detector-edge-ai/data/raw/WEDA-FALL/dataset/5Hz/D09/U02_R03_accel.csv,33,D09,"accel_time_list, accel_x_list, accel_y_list, accel_z_list"
/home/vinh_shindo/safewatch-fall-detector-edge-ai/data/raw/WEDA-FALL/dataset/5Hz/D09/U03_R01_accel.csv,35,D09,"accel_time_list, accel_x_list, accel_y_list, accel_z_list"
/home/vinh_shindo/safewatch-fall-detector-edge-ai/data/raw/WEDA-FALL/dataset/5Hz/D09/U03_R02_accel.csv,34,D09,"accel_time_list, accel_x_list, accel_y_list, accel_z_list"
/home/vinh_shindo/safewatch-fall-detector-edge-ai/data/raw/WEDA-FALL/dataset/5Hz/D09/U03_R03_accel.csv,35,D09,"accel_time_list, accel_x_list, accel_y_list, accel_z_list"
/home/vinh_shindo/safewatch-fall-detector-edge-ai/data/raw/WEDA-FALL/dataset/5Hz/D09/U04_R01_accel.csv,24,D09,"accel_time_list, accel_x_list, accel_y_list, accel_z_list"
/home/vinh_shindo/safewatch-fall-detector-edge-ai/data/raw/WEDA-FALL/dataset/5Hz/D09/U04_R02_accel.csv,16,D09,"accel_time_list, accel_x_list, accel_y_list, accel_z_list"
/home/vinh_shindo/safewatch-fall-detector-edge-ai/data/raw/WEDA-FALL/dataset/5Hz/D09/U04_R03_accel.csv,17,D09,"accel_time_list, accel_x_list, accel_y_list, accel_z_list"
/home/vinh_shindo/safewatch-fall-detector-edge-ai/data/raw/WEDA-FALL/dataset/5Hz/D09/U05_R01_accel.csv,57,D09,"accel_time_list, accel_x_list, accel_y_list, accel_z_list"
/home/vinh_shindo/safewatch-fall-detector-edge-ai/data/raw/WEDA-FALL/dataset/5Hz/D09/U05_R02_accel.csv,51,D09,"accel_time_list, accel_x_list, accel_y_list, accel_z_list"
/home/vinh_shindo/safewatch-fall-detector-edge-ai/data/raw/WEDA-FALL/dataset/5Hz/D09/U05_R03_accel.csv,46,D09,"accel_time_list, accel_x_list, accel_y_list, accel_z_list"
/home/vinh_shindo/safewatch-fall-detector-edge-ai/data/raw/WEDA-FALL/dataset/5Hz/D09/U06_R01_accel.csv,44,D09,"accel_time_list, accel_x_list, accel_y_list, accel_z_list"
/home/vinh_shindo/safewatch-fall-detector-edge-ai/data/raw/WEDA-FALL/dataset/5Hz/D09/U06_R02_accel.csv,47,D09,"accel_time_list, accel_x_list, accel_y_list, accel_z_list"
/home/vinh_shindo/safewatch-fall-detector-edge-ai/data/raw/WEDA-FALL/dataset/5Hz/D09/U06_R03_accel.csv,39,D09,"accel_time_list, accel_x_list, accel_y_list, accel_z_list"
/home/vinh_shindo/safewatch-fall-detector-edge-ai/data/raw/WEDA-FALL/dataset/5Hz/D09/U07_R01_accel.csv,33,D09,"accel_time_list, accel_x_list, accel_y_list, accel_z_list"
/home/vinh_shindo/safewatch-fall-detector-edge-ai/data/raw/WEDA-FALL/dataset/5Hz/D09/U07_R02_accel.csv,37,D09,"accel_time_list, accel_x_list, accel_y_list, accel_z_list"
/home/vinh_shindo/safewatch-fall-detector-edge-ai/data/raw/WEDA-FALL/dataset/5Hz/D09/U07_R03_accel.csv,40,D09,"accel_time_list, accel_x_list, accel_y_list, accel_z_list"
/home/vinh_shindo/safewatch-fall-detector-edge-ai/data/raw/WEDA-FALL/dataset/5Hz/D09/U08_R01_accel.csv,48,D09,"accel_time_list, accel_x_list, accel_y_list, accel_z_list"
/home/vinh_shindo/safewatch-fall-detector-edge-ai/data/raw/WEDA-FALL/dataset/5Hz/D09/U08_R02_accel.csv,38,D09,"accel_time_list, accel_x_list, accel_y_list, accel_z_list"
/home/vinh_shindo/safewatch-fall-detector-edge-ai/data/raw/WEDA-FALL/dataset/5Hz/D09/U08_R03_accel.csv,33,D09,"accel_time_list, accel_x_list, accel_y_list, accel_z_list"
/home/vinh_shindo/safewatch-fall-detector-edge-ai/data/raw/WEDA-FALL/dataset/5Hz/D09/U09_R01_accel.csv,41,D09,"accel_time_list, accel_x_list, accel_y_list, accel_z_list"
/home/vinh_shindo/safewatch-fall-detector-edge-ai/data/raw/WEDA-FALL/dataset/5Hz/D09/U09_R02_accel.csv,57,D09,"accel_time_list, accel_x_list, accel_y_list, accel_z_list"
/home/vinh_shindo/safewatch-fall-detector-edge-ai/data/raw/WEDA-FALL/dataset/5Hz/D09/U09_R03_accel.csv,36,D09,"accel_time_list, accel_x_list, accel_y_list, accel_z_list"
/home/vinh_shindo/safewatch-fall-detector-edge-ai/data/raw/WEDA-FALL/dataset/5Hz/D09/U10_R01_accel.csv,36,D09,"accel_time_list, accel_x_list, accel_y_list, accel_z_list"
/home/vinh_shindo/safewatch-fall-detector-edge-ai/data/raw/WEDA-FALL/dataset/5Hz/D09/U10_R02_accel.csv,30,D09,"accel_time_list, accel_x_list, accel_y_list, accel_z_list"
/home/vinh_shindo/safewatch-fall-detector-edge-ai/data/raw/WEDA-FALL/dataset/5Hz/D09/U10_R03_accel.csv,31,D09,"accel_time_list, accel_x_list, accel_y_list, accel_z_list"
/home/vinh_shindo/safewatch-fall-detector-edge-ai/data/raw/WEDA-FALL/dataset/5Hz/D09/U11_R01_accel.csv,35,D09,"accel_time_list, accel_x_list, accel_y_list, accel_z_list"
/home/vinh_shindo/safewatch-fall-detector-edge-ai/data/raw/WEDA-FALL/dataset/5Hz/D09/U11_R02_accel.csv,23,D09,"accel_time_list, accel_x_list, accel_y_list, accel_z_list"
/home/vinh_shindo/safewatch-fall-detector-edge-ai/data/raw/WEDA-FALL/dataset/5Hz/D09/U11_R03_accel.csv,30,D09,"accel_time_list, accel_x_list, accel_y_list, accel_z_list"
/home/vinh_shindo/safewatch-fall-detector-edge-ai/data/raw/WEDA-FALL/dataset/5Hz/D09/U12_R01_accel.csv,38,D09,"accel_time_list, accel_x_list, accel_y_list, accel_z_list"
/home/vinh_shindo/safewatch-fall-detector-edge-ai/data/raw/WEDA-FALL/dataset/5Hz/D09/U12_R02_accel.csv,24,D09,"accel_time_list, accel_x_list, accel_y_list, accel_z_list"
/home/vinh_shindo/safewatch-fall-detector-edge-ai/data/raw/WEDA-FALL/dataset/5Hz/D09/U12_R03_accel.csv,29,D09,"accel_time_list, accel_x_list, accel_y_list, accel_z_list"
/home/vinh_shindo/safewatch-fall-detector-edge-ai/data/raw/WEDA-FALL/dataset/5Hz/D09/U13_R01_accel.csv,26,D09,"accel_time_list, accel_x_list, accel_y_list, accel_z_list"
/home/vinh_shindo/safewatch-fall-detector-edge-ai/data/raw/WEDA-FALL/dataset/5Hz/D09/U13_R02_accel.csv,19,D09,"accel_time_list, accel_x_list, accel_y_list, accel_z_list"
/home/vinh_shindo/safewatch-fall-detector-edge-ai/data/raw/WEDA-FALL/dataset/5Hz/D09/U13_R03_accel.csv,21,D09,"accel_time_list, accel_x_list, accel_y_list, accel_z_list"
/home/vinh_shindo/safewatch-fall-detector-edge-ai/data/raw/WEDA-FALL/dataset/5Hz/D09/U14_R01_accel.csv,32,D09,"accel_time_list, accel_x_list, accel_y_list, accel_z_list"
/home/vinh_shindo/safewatch-fall-detector-edge-ai/data/raw/WEDA-FALL/dataset/5Hz/D09/U14_R02_accel.csv,35,D09,"accel_time_list, accel_x_list, accel_y_list, accel_z_list"
/home/vinh_shindo/safewatch-fall-detector-edge-ai/data/raw/WEDA-FALL/dataset/5Hz/D09/U14_R03_accel.csv,35,D09,"accel_time_list, accel_x_list, accel_y_list, accel_z_list"
/home/vinh_shindo/safewatch-fall-detector-edge-ai/data/raw/WEDA-FALL/dataset/5Hz/D09/U21_R01_accel.csv,37,D09,"accel_time_list, accel_x_list, accel_y_list, accel_z_list"
/home/vinh_shindo/safewatch-fall-detector-edge-ai/data/raw/WEDA-FALL/dataset/5Hz/D09/U21_R02_accel.csv,30,D09,"accel_time_list, accel_x_list, accel_y_list, accel_z_list"
/home/vinh_shindo/safewatch-fall-detector-edge-ai/data/raw/WEDA-FALL/dataset/5Hz/D09/U21_R03_accel.csv,33,D09,"accel_time_list, accel_x_list, accel_y_list, accel_z_list"
/home/vinh_shindo/safewatch-fall-detector-edge-ai/data/raw/WEDA-FALL/dataset/5Hz/D09/U22_R01_accel.csv,30,D09,"accel_time_list, accel_x_list, accel_y_list, accel_z_list"
/home/vinh_shindo/safewatch-fall-detector-edge-ai/data/raw/WEDA-FALL/dataset/5Hz/D09/U22_R02_accel.csv,29,D09,"accel_time_list, accel_x_list, accel_y_list, accel_z_list"
/home/vinh_shindo/safewatch-fall-detector-edge-ai/data/raw/WEDA-FALL/dataset/5Hz/D09/U23_R01_accel.csv,44,D09,"accel_time_list, accel_x_list, accel_y_list, accel_z_list"
/home/vinh_shindo/safewatch-fall-detector-edge-ai/data/raw/WEDA-FALL/dataset/5Hz/D09/U23_R02_accel.csv,30,D09,"accel_time_list, accel_x_list, accel_y_list, accel_z_list"
/home/vinh_shindo/safewatch-fall-detector-edge-ai/data/raw/WEDA-FALL/dataset/5Hz/D09/U23_R03_accel.csv,26,D09,"accel_time_list, accel_x_list, accel_y_list, accel_z_list"
/home/vinh_shindo/safewatch-fall-detector-edge-ai/data/raw/WEDA-FALL/dataset/5Hz/D09/U24_R01_accel.csv,23,D09,"accel_time_list, accel_x_list, accel_y_list, accel_z_list"
/home/vinh_shindo/safewatch-fall-detector-edge-ai/data/raw/WEDA-FALL/dataset/5Hz/D09/U24_R02_accel.csv,27,D09,"accel_time_list, accel_x_list, accel_y_list, accel_z_list"
/home/vinh_shindo/safewatch-fall-detector-edge-ai/data/raw/WEDA-FALL/dataset/5Hz/D09/U24_R03_accel.csv,35,D09,"accel_time_list, accel_x_list, accel_y_list, accel_z_list"
/home/vinh_shindo/safewatch-fall-detector-edge-ai/data/raw/WEDA-FALL/dataset/5Hz/D09/U25_R01_accel.csv,24,D09,"accel_time_list, accel_x_list, accel_y_list, accel_z_list"
/home/vinh_shindo/safewatch-fall-detector-edge-ai/data/raw/WEDA-FALL/dataset/5Hz/D09/U25_R02_accel.csv,22,D09,"accel_time_list, accel_x_list, accel_y_list, accel_z_list"
/home/vinh_shindo/safewatch-fall-detector-edge-ai/data/raw/WEDA-FALL/dataset/5Hz/D09/U26_R01_accel.csv,23,D09,"accel_time_list, accel_x_list, accel_y_list, accel_z_list"
/home/vinh_shindo/safewatch-fall-detector-edge-ai/data/raw/WEDA-FALL/dataset/5Hz/D09/U26_R02_accel.csv,19,D09,"accel_time_list, accel_x_list, accel_y_list, accel_z_list"
/home/vinh_shindo/safewatch-fall-detector-edge-ai/data/raw/WEDA-FALL/dataset/5Hz/D09/U26_R03_accel.csv,28,D09,"accel_time_list, accel_x_list, accel_y_list, accel_z_list"
/home/vinh_shindo/safewatch-fall-detector-edge-ai/data/raw/WEDA-FALL/dataset/5Hz/D09/U27_R01_accel.csv,20,D09,"accel_time_list, accel_x_list, accel_y_list, accel_z_list"
/home/vinh_shindo/safewatch-fall-detector-edge-ai/data/raw/WEDA-FALL/dataset/5Hz/D09/U27_R02_accel.csv,23,D09,"accel_time_list, accel_x_list, accel_y_list, accel_z_list"
/home/vinh_shindo/safewatch-fall-detector-edge-ai/data/raw/WEDA-FALL/dataset/5Hz/D09/U27_R03_accel.csv,25,D09,"accel_time_list, accel_x_list, accel_y_list, accel_z_list"
/home/vinh_shindo/safewatch-fall-detector-edge-ai/data/raw/WEDA-FALL/dataset/5Hz/D09/U28_R01_accel.csv,40,D09,"accel_time_list, accel_x_list, accel_y_list, accel_z_list"
/home/vinh_shindo/safewatch-fall-detector-edge-ai/data/raw/WEDA-FALL/dataset/5Hz/D09/U28_R02_accel.csv,35,D09,"accel_time_list, accel_x_list, accel_y_list, accel_z_list"
/home/vinh_shindo/safewatch-fall-detector-edge-ai/data/raw/WEDA-FALL/dataset/5Hz/D09/U28_R03_accel.csv,24,D09,"accel_time_list, accel_x_list, accel_y_list, accel_z_list"
/home/vinh_shindo/safewatch-fall-detector-edge-ai/data/raw/WEDA-FALL/dataset/5Hz/D09/U29_R01_accel.csv,17,D09,"accel_time_list, accel_x_list, accel_y_list, accel_z_list"
/home/vinh_shindo/safewatch-fall-detector-edge-ai/data/raw/WEDA-FALL/dataset/5Hz/D09/U29_R02_accel.csv,23,D09,"accel_time_list, accel_x_list, accel_y_list, accel_z_list"
/home/vinh_shindo/safewatch-fall-detector-edge-ai/data/raw/WEDA-FALL/dataset/5Hz/D09/U29_R03_accel.csv,25,D09,"accel_time_list, accel_x_list, accel_y_list, accel_z_list"
/home/vinh_shindo/safewatch-fall-detector-edge-ai/data/raw/WEDA-FALL/dataset/5Hz/D09/U30_R01_accel.csv,21,D09,"accel_time_list, accel_x_list, accel_y_list, accel_z_list"
/home/vinh_shindo/safewatch-fall-detector-edge-ai/data/raw/WEDA-FALL/dataset/5Hz/D09/U30_R02_accel.csv,26,D09,"accel_time_list, accel_x_list, accel_y_list, accel_z_list"
/home/vinh_shindo/safewatch-fall-detector-edge-ai/data/raw/WEDA-FALL/dataset/5Hz/D09/U30_R03_accel.csv,20,D09,"accel_time_list, accel_x_list, accel_y_list, accel_z_list"
/home/vinh_shindo/safewatch-fall-detector-edge-ai/data/raw/WEDA-FALL/dataset/5Hz/D09/U31_R01_accel.csv,50,D09,"accel_time_list, accel_x_list, accel_y_list, accel_z_list"
/home/vinh_shindo/safewatch-fall-detector-edge-ai/data/raw/WEDA-FALL/dataset/5Hz/D09/U31_R02_accel.csv,20,D09,"accel_time_list, accel_x_list, accel_y_list, accel_z_list"
/home/vinh_shindo/safewatch-fall-detector-edge-ai/data/raw/WEDA-FALL/dataset/5Hz/D09/U31_R03_accel.csv,22,D09,"accel_time_list, accel_x_list, accel_y_list, accel_z_list"
/home/vinh_shindo/safewatch-fall-detector-edge-ai/data/raw/WEDA-FALL/dataset/5Hz/D10/U01_R01_accel.csv,51,D10,"accel_time_list, accel_x_list, accel_y_list, accel_z_list"
/home/vinh_shindo/safewatch-fall-detector-edge-ai/data/raw/WEDA-FALL/dataset/5Hz/D10/U01_R02_accel.csv,52,D10,"accel_time_list, accel_x_list, accel_y_list, accel_z_list"
/home/vinh_shindo/safewatch-fall-detector-edge-ai/data/raw/WEDA-FALL/dataset/5Hz/D10/U01_R03_accel.csv,67,D10,"accel_time_list, accel_x_list, accel_y_list, accel_z_list"
/home/vinh_shindo/safewatch-fall-detector-edge-ai/data/raw/WEDA-FALL/dataset/5Hz/D10/U02_R01_accel.csv,52,D10,"accel_time_list, accel_x_list, accel_y_list, accel_z_list"
/home/vinh_shindo/safewatch-fall-detector-edge-ai/data/raw/WEDA-FALL/dataset/5Hz/D10/U02_R02_accel.csv,55,D10,"accel_time_list, accel_x_list, accel_y_list, accel_z_list"
/home/vinh_shindo/safewatch-fall-detector-edge-ai/data/raw/WEDA-FALL/dataset/5Hz/D10/U02_R03_accel.csv,61,D10,"accel_time_list, accel_x_list, accel_y_list, accel_z_list"
/home/vinh_shindo/safewatch-fall-detector-edge-ai/data/raw/WEDA-FALL/dataset/5Hz/D10/U03_R01_accel.csv,45,D10,"accel_time_list, accel_x_list, accel_y_list, accel_z_list"
/home/vinh_shindo/safewatch-fall-detector-edge-ai/data/raw/WEDA-FALL/dataset/5Hz/D10/U03_R02_accel.csv,49,D10,"accel_time_list, accel_x_list, accel_y_list, accel_z_list"
/home/vinh_shindo/safewatch-fall-detector-edge-ai/data/raw/WEDA-FALL/dataset/5Hz/D10/U03_R03_accel.csv,49,D10,"accel_time_list, accel_x_list, accel_y_list, accel_z_list"
/home/vinh_shindo/safewatch-fall-detector-edge-ai/data/raw/WEDA-FALL/dataset/5Hz/D10/U04_R01_accel.csv,50,D10,"accel_time_list, accel_x_list, accel_y_list, accel_z_list"
/home/vinh_shindo/safewatch-fall-detector-edge-ai/data/raw/WEDA-FALL/dataset/5Hz/D10/U04_R02_accel.csv,37,D10,"accel_time_list, accel_x_list, accel_y_list, accel_z_list"
/home/vinh_shindo/safewatch-fall-detector-edge-ai/data/raw/WEDA-FALL/dataset/5Hz/D10/U04_R03_accel.csv,40,D10,"accel_time_list, accel_x_list, accel_y_list, accel_z_list"
/home/vinh_shindo/safewatch-fall-detector-edge-ai/data/raw/WEDA-FALL/dataset/5Hz/D10/U05_R01_accel.csv,90,D10,"accel_time_list, accel_x_list, accel_y_list, accel_z_list"
/home/vinh_shindo/safewatch-fall-detector-edge-ai/data/raw/WEDA-FALL/dataset/5Hz/D10/U05_R02_accel.csv,66,D10,"accel_time_list, accel_x_list, accel_y_list, accel_z_list"
/home/vinh_shindo/safewatch-fall-detector-edge-ai/data/raw/WEDA-FALL/dataset/5Hz/D10/U05_R03_accel.csv,92,D10,"accel_time_list, accel_x_list, accel_y_list, accel_z_list"
/home/vinh_shindo/safewatch-fall-detector-edge-ai/data/raw/WEDA-FALL/dataset/5Hz/D10/U06_R01_accel.csv,43,D10,"accel_time_list, accel_x_list, accel_y_list, accel_z_list"
/home/vinh_shindo/safewatch-fall-detector-edge-ai/data/raw/WEDA-FALL/dataset/5Hz/D10/U06_R02_accel.csv,49,D10,"accel_time_list, accel_x_list, accel_y_list, accel_z_list"
/home/vinh_shindo/safewatch-fall-detector-edge-ai/data/raw/WEDA-FALL/dataset/5Hz/D10/U06_R03_accel.csv,61,D10,"accel_time_list, accel_x_list, accel_y_list, accel_z_list"
/home/vinh_shindo/safewatch-fall-detector-edge-ai/data/raw/WEDA-FALL/dataset/5Hz/D10/U07_R01_accel.csv,46,D10,"accel_time_list, accel_x_list, accel_y_list, accel_z_list"
/home/vinh_shindo/safewatch-fall-detector-edge-ai/data/raw/WEDA-FALL/dataset/5Hz/D10/U07_R02_accel.csv,51,D10,"accel_time_list, accel_x_list, accel_y_list, accel_z_list"
/home/vinh_shindo/safewatch-fall-detector-edge-ai/data/raw/WEDA-FALL/dataset/5Hz/D10/U07_R03_accel.csv,62,D10,"accel_time_list, accel_x_list, accel_y_list, accel_z_list"
/home/vinh_shindo/safewatch-fall-detector-edge-ai/data/raw/WEDA-FALL/dataset/5Hz/D10/U08_R01_accel.csv,64,D10,"accel_time_list, accel_x_list, accel_y_list, accel_z_list"
/home/vinh_shindo/safewatch-fall-detector-edge-ai/data/raw/WEDA-FALL/dataset/5Hz/D10/U08_R02_accel.csv,61,D10,"accel_time_list, accel_x_list, accel_y_list, accel_z_list"
/home/vinh_shindo/safewatch-fall-detector-edge-ai/data/raw/WEDA-FALL/dataset/5Hz/D10/U08_R03_accel.csv,53,D10,"accel_time_list, accel_x_list, accel_y_list, accel_z_list"
/home/vinh_shindo/safewatch-fall-detector-edge-ai/data/raw/WEDA-FALL/dataset/5Hz/D10/U09_R01_accel.csv,52,D10,"accel_time_list, accel_x_list, accel_y_list, accel_z_list"
/home/vinh_shindo/safewatch-fall-detector-edge-ai/data/raw/WEDA-FALL/dataset/5Hz/D10/U09_R02_accel.csv,55,D10,"accel_time_list, accel_x_list, accel_y_list, accel_z_list"
/home/vinh_shindo/safewatch-fall-detector-edge-ai/data/raw/WEDA-FALL/dataset/5Hz/D10/U09_R03_accel.csv,64,D10,"accel_time_list, accel_x_list, accel_y_list, accel_z_list"
/home/vinh_shindo/safewatch-fall-detector-edge-ai/data/raw/WEDA-FALL/dataset/5Hz/D10/U10_R01_accel.csv,44,D10,"accel_time_list, accel_x_list, accel_y_list, accel_z_list"
/home/vinh_shindo/safewatch-fall-detector-edge-ai/data/raw/WEDA-FALL/dataset/5Hz/D10/U10_R02_accel.csv,58,D10,"accel_time_list, accel_x_list, accel_y_list, accel_z_list"
/home/vinh_shindo/safewatch-fall-detector-edge-ai/data/raw/WEDA-FALL/dataset/5Hz/D10/U10_R03_accel.csv,56,D10,"accel_time_list, accel_x_list, accel_y_list, accel_z_list"
/home/vinh_shindo/safewatch-fall-detector-edge-ai/data/raw/WEDA-FALL/dataset/5Hz/D10/U11_R01_accel.csv,50,D10,"accel_time_list, accel_x_list, accel_y_list, accel_z_list"
/home/vinh_shindo/safewatch-fall-detector-edge-ai/data/raw/WEDA-FALL/dataset/5Hz/D10/U11_R02_accel.csv,39,D10,"accel_time_list, accel_x_list, accel_y_list, accel_z_list"
/home/vinh_shindo/safewatch-fall-detector-edge-ai/data/raw/WEDA-FALL/dataset/5Hz/D10/U11_R03_accel.csv,37,D10,"accel_time_list, accel_x_list, accel_y_list, accel_z_list"
/home/vinh_shindo/safewatch-fall-detector-edge-ai/data/raw/WEDA-FALL/dataset/5Hz/D10/U12_R01_accel.csv,52,D10,"accel_time_list, accel_x_list, accel_y_list, accel_z_list"
/home/vinh_shindo/safewatch-fall-detector-edge-ai/data/raw/WEDA-FALL/dataset/5Hz/D10/U12_R02_accel.csv,50,D10,"accel_time_list, accel_x_list, accel_y_list, accel_z_list"
/home/vinh_shindo/safewatch-fall-detector-edge-ai/data/raw/WEDA-FALL/dataset/5Hz/D10/U12_R03_accel.csv,40,D10,"accel_time_list, accel_x_list, accel_y_list, accel_z_list"
/home/vinh_shindo/safewatch-fall-detector-edge-ai/data/raw/WEDA-FALL/dataset/5Hz/D10/U13_R01_accel.csv,56,D10,"accel_time_list, accel_x_list, accel_y_list, accel_z_list"
/home/vinh_shindo/safewatch-fall-detector-edge-ai/data/raw/WEDA-FALL/dataset/5Hz/D10/U13_R02_accel.csv,59,D10,"accel_time_list, accel_x_list, accel_y_list, accel_z_list"
/home/vinh_shindo/safewatch-fall-detector-edge-ai/data/raw/WEDA-FALL/dataset/5Hz/D10/U13_R03_accel.csv,54,D10,"accel_time_list, accel_x_list, accel_y_list, accel_z_list"
/home/vinh_shindo/safewatch-fall-detector-edge-ai/data/raw/WEDA-FALL/dataset/5Hz/D10/U14_R01_accel.csv,39,D10,"accel_time_list, accel_x_list, accel_y_list, accel_z_list"
/home/vinh_shindo/safewatch-fall-detector-edge-ai/data/raw/WEDA-FALL/dataset/5Hz/D10/U14_R02_accel.csv,52,D10,"accel_time_list, accel_x_list, accel_y_list, accel_z_list"
/home/vinh_shindo/safewatch-fall-detector-edge-ai/data/raw/WEDA-FALL/dataset/5Hz/D10/U14_R03_accel.csv,43,D10,"accel_time_list, accel_x_list, accel_y_list, accel_z_list"
/home/vinh_shindo/safewatch-fall-detector-edge-ai/data/raw/WEDA-FALL/dataset/5Hz/D10/U21_R01_accel.csv,61,D10,"accel_time_list, accel_x_list, accel_y_list, accel_z_list"
/home/vinh_shindo/safewatch-fall-detector-edge-ai/data/raw/WEDA-FALL/dataset/5Hz/D10/U21_R02_accel.csv,60,D10,"accel_time_list, accel_x_list, accel_y_list, accel_z_list"
/home/vinh_shindo/safewatch-fall-detector-edge-ai/data/raw/WEDA-FALL/dataset/5Hz/D10/U21_R03_accel.csv,58,D10,"accel_time_list, accel_x_list, accel_y_list, accel_z_list"
/home/vinh_shindo/safewatch-fall-detector-edge-ai/data/raw/WEDA-FALL/dataset/5Hz/D10/U22_R01_accel.csv,52,D10,"accel_time_list, accel_x_list, accel_y_list, accel_z_list"
/home/vinh_shindo/safewatch-fall-detector-edge-ai/data/raw/WEDA-FALL/dataset/5Hz/D10/U22_R02_accel.csv,48,D10,"accel_time_list, accel_x_list, accel_y_list, accel_z_list"
/home/vinh_shindo/safewatch-fall-detector-edge-ai/data/raw/WEDA-FALL/dataset/5Hz/D10/U22_R03_accel.csv,57,D10,"accel_time_list, accel_x_list, accel_y_list, accel_z_list"
/home/vinh_shindo/safewatch-fall-detector-edge-ai/data/raw/WEDA-FALL/dataset/5Hz/D10/U23_R01_accel.csv,58,D10,"accel_time_list, accel_x_list, accel_y_list, accel_z_list"
/home/vinh_shindo/safewatch-fall-detector-edge-ai/data/raw/WEDA-FALL/dataset/5Hz/D10/U23_R02_accel.csv,37,D10,"accel_time_list, accel_x_list, accel_y_list, accel_z_list"
/home/vinh_shindo/safewatch-fall-detector-edge-ai/data/raw/WEDA-FALL/dataset/5Hz/D10/U23_R03_accel.csv,42,D10,"accel_time_list, accel_x_list, accel_y_list, accel_z_list"
/home/vinh_shindo/safewatch-fall-detector-edge-ai/data/raw/WEDA-FALL/dataset/5Hz/D10/U24_R01_accel.csv,48,D10,"accel_time_list, accel_x_list, accel_y_list, accel_z_list"
/home/vinh_shindo/safewatch-fall-detector-edge-ai/data/raw/WEDA-FALL/dataset/5Hz/D10/U24_R02_accel.csv,44,D10,"accel_time_list, accel_x_list, accel_y_list, accel_z_list"
/home/vinh_shindo/safewatch-fall-detector-edge-ai/data/raw/WEDA-FALL/dataset/5Hz/D10/U24_R03_accel.csv,39,D10,"accel_time_list, accel_x_list, accel_y_list, accel_z_list"
/home/vinh_shindo/safewatch-fall-detector-edge-ai/data/raw/WEDA-FALL/dataset/5Hz/D10/U25_R01_accel.csv,52,D10,"accel_time_list, accel_x_list, accel_y_list, accel_z_list"
/home/vinh_shindo/safewatch-fall-detector-edge-ai/data/raw/WEDA-FALL/dataset/5Hz/D10/U25_R02_accel.csv,44,D10,"accel_time_list, accel_x_list, accel_y_list, accel_z_list"
/home/vinh_shindo/safewatch-fall-detector-edge-ai/data/raw/WEDA-FALL/dataset/5Hz/D10/U26_R01_accel.csv,37,D10,"accel_time_list, accel_x_list, accel_y_list, accel_z_list"
/home/vinh_shindo/safewatch-fall-detector-edge-ai/data/raw/WEDA-FALL/dataset/5Hz/D10/U26_R02_accel.csv,48,D10,"accel_time_list, accel_x_list, accel_y_list, accel_z_list"
/home/vinh_shindo/safewatch-fall-detector-edge-ai/data/raw/WEDA-FALL/dataset/5Hz/D10/U26_R03_accel.csv,56,D10,"accel_time_list, accel_x_list, accel_y_list, accel_z_list"
/home/vinh_shindo/safewatch-fall-detector-edge-ai/data/raw/WEDA-FALL/dataset/5Hz/D10/U27_R01_accel.csv,38,D10,"accel_time_list, accel_x_list, accel_y_list, accel_z_list"
/home/vinh_shindo/safewatch-fall-detector-edge-ai/data/raw/WEDA-FALL/dataset/5Hz/D10/U27_R02_accel.csv,37,D10,"accel_time_list, accel_x_list, accel_y_list, accel_z_list"
/home/vinh_shindo/safewatch-fall-detector-edge-ai/data/raw/WEDA-FALL/dataset/5Hz/D10/U27_R03_accel.csv,49,D10,"accel_time_list, accel_x_list, accel_y_list, accel_z_list"
/home/vinh_shindo/safewatch-fall-detector-edge-ai/data/raw/WEDA-FALL/dataset/5Hz/D10/U28_R01_accel.csv,49,D10,"accel_time_list, accel_x_list, accel_y_list, accel_z_list"
/home/vinh_shindo/safewatch-fall-detector-edge-ai/data/raw/WEDA-FALL/dataset/5Hz/D10/U28_R02_accel.csv,43,D10,"accel_time_list, accel_x_list, accel_y_list, accel_z_list"
/home/vinh_shindo/safewatch-fall-detector-edge-ai/data/raw/WEDA-FALL/dataset/5Hz/D10/U28_R03_accel.csv,48,D10,"accel_time_list, accel_x_list, accel_y_list, accel_z_list"
/home/vinh_shindo/safewatch-fall-detector-edge-ai/data/raw/WEDA-FALL/dataset/5Hz/D10/U29_R01_accel.csv,43,D10,"accel_time_list, accel_x_list, accel_y_list, accel_z_list"
/home/vinh_shindo/safewatch-fall-detector-edge-ai/data/raw/WEDA-FALL/dataset/5Hz/D10/U29_R02_accel.csv,34,D10,"accel_time_list, accel_x_list, accel_y_list, accel_z_list"
/home/vinh_shindo/safewatch-fall-detector-edge-ai/data/raw/WEDA-FALL/dataset/5Hz/D10/U29_R03_accel.csv,35,D10,"accel_time_list, accel_x_list, accel_y_list, accel_z_list"
/home/vinh_shindo/safewatch-fall-detector-edge-ai/data/raw/WEDA-FALL/dataset/5Hz/D10/U30_R01_accel.csv,41,D10,"accel_time_list, accel_x_list, accel_y_list, accel_z_list"
/home/vinh_shindo/safewatch-fall-detector-edge-ai/data/raw/WEDA-FALL/dataset/5Hz/D10/U30_R02_accel.csv,37,D10,"accel_time_list, accel_x_list, accel_y_list, accel_z_list"
/home/vinh_shindo/safewatch-fall-detector-edge-ai/data/raw/WEDA-FALL/dataset/5Hz/D10/U30_R03_accel.csv,31,D10,"accel_time_list, accel_x_list, accel_y_list, accel_z_list"
/home/vinh_shindo/safewatch-fall-detector-edge-ai/data/raw/WEDA-FALL/dataset/5Hz/D10/U31_R01_accel.csv,40,D10,"accel_time_list, accel_x_list, accel_y_list, accel_z_list"
/home/vinh_shindo/safewatch-fall-detector-edge-ai/data/raw/WEDA-FALL/dataset/5Hz/D10/U31_R02_accel.csv,41,D10,"accel_time_list, accel_x_list, accel_y_list, accel_z_list"
/home/vinh_shindo/safewatch-fall-detector-edge-ai/data/raw/WEDA-FALL/dataset/5Hz/D10/U31_R03_accel.csv,37,D10,"accel_time_list, accel_x_list, accel_y_list, accel_z_list"
/home/vinh_shindo/safewatch-fall-detector-edge-ai/data/raw/WEDA-FALL/dataset/5Hz/D11/U01_R01_accel.csv,73,D11,"accel_time_list, accel_x_list, accel_y_list, accel_z_list"
/home/vinh_shindo/safewatch-fall-detector-edge-ai/data/raw/WEDA-FALL/dataset/5Hz/D11/U01_R02_accel.csv,76,D11,"accel_time_list, accel_x_list, accel_y_list, accel_z_list"
/home/vinh_shindo/safewatch-fall-detector-edge-ai/data/raw/WEDA-FALL/dataset/5Hz/D11/U01_R03_accel.csv,76,D11,"accel_time_list, accel_x_list, accel_y_list, accel_z_list"
/home/vinh_shindo/safewatch-fall-detector-edge-ai/data/raw/WEDA-FALL/dataset/5Hz/D11/U02_R01_accel.csv,82,D11,"accel_time_list, accel_x_list, accel_y_list, accel_z_list"
/home/vinh_shindo/safewatch-fall-detector-edge-ai/data/raw/WEDA-FALL/dataset/5Hz/D11/U02_R02_accel.csv,60,D11,"accel_time_list, accel_x_list, accel_y_list, accel_z_list"
/home/vinh_shindo/safewatch-fall-detector-edge-ai/data/raw/WEDA-FALL/dataset/5Hz/D11/U02_R03_accel.csv,77,D11,"accel_time_list, accel_x_list, accel_y_list, accel_z_list"
/home/vinh_shindo/safewatch-fall-detector-edge-ai/data/raw/WEDA-FALL/dataset/5Hz/D11/U03_R01_accel.csv,67,D11,"accel_time_list, accel_x_list, accel_y_list, accel_z_list"
/home/vinh_shindo/safewatch-fall-detector-edge-ai/data/raw/WEDA-FALL/dataset/5Hz/D11/U03_R02_accel.csv,50,D11,"accel_time_list, accel_x_list, accel_y_list, accel_z_list"
/home/vinh_shindo/safewatch-fall-detector-edge-ai/data/raw/WEDA-FALL/dataset/5Hz/D11/U03_R03_accel.csv,61,D11,"accel_time_list, accel_x_list, accel_y_list, accel_z_list"
/home/vinh_shindo/safewatch-fall-detector-edge-ai/data/raw/WEDA-FALL/dataset/5Hz/D11/U04_R01_accel.csv,54,D11,"accel_time_list, accel_x_list, accel_y_list, accel_z_list"
/home/vinh_shindo/safewatch-fall-detector-edge-ai/data/raw/WEDA-FALL/dataset/5Hz/D11/U04_R02_accel.csv,51,D11,"accel_time_list, accel_x_list, accel_y_list, accel_z_list"
/home/vinh_shindo/safewatch-fall-detector-edge-ai/data/raw/WEDA-FALL/dataset/5Hz/D11/U04_R03_accel.csv,43,D11,"accel_time_list, accel_x_list, accel_y_list, accel_z_list"
/home/vinh_shindo/safewatch-fall-detector-edge-ai/data/raw/WEDA-FALL/dataset/5Hz/D11/U05_R01_accel.csv,91,D11,"accel_time_list, accel_x_list, accel_y_list, accel_z_list"
/home/vinh_shindo/safewatch-fall-detector-edge-ai/data/raw/WEDA-FALL/dataset/5Hz/D11/U05_R02_accel.csv,96,D11,"accel_time_list, accel_x_list, accel_y_list, accel_z_list"
/home/vinh_shindo/safewatch-fall-detector-edge-ai/data/raw/WEDA-FALL/dataset/5Hz/D11/U05_R03_accel.csv,83,D11,"accel_time_list, accel_x_list, accel_y_list, accel_z_list"
/home/vinh_shindo/safewatch-fall-detector-edge-ai/data/raw/WEDA-FALL/dataset/5Hz/D11/U06_R01_accel.csv,82,D11,"accel_time_list, accel_x_list, accel_y_list, accel_z_list"
/home/vinh_shindo/safewatch-fall-detector-edge-ai/data/raw/WEDA-FALL/dataset/5Hz/D11/U06_R02_accel.csv,81,D11,"accel_time_list, accel_x_list, accel_y_list, accel_z_list"
/home/vinh_shindo/safewatch-fall-detector-edge-ai/data/raw/WEDA-FALL/dataset/5Hz/D11/U06_R03_accel.csv,80,D11,"accel_time_list, accel_x_list, accel_y_list, accel_z_list"
/home/vinh_shindo/safewatch-fall-detector-edge-ai/data/raw/WEDA-FALL/dataset/5Hz/D11/U07_R01_accel.csv,77,D11,"accel_time_list, accel_x_list, accel_y_list, accel_z_list"
/home/vinh_shindo/safewatch-fall-detector-edge-ai/data/raw/WEDA-FALL/dataset/5Hz/D11/U07_R02_accel.csv,83,D11,"accel_time_list, accel_x_list, accel_y_list, accel_z_list"
/home/vinh_shindo/safewatch-fall-detector-edge-ai/data/raw/WEDA-FALL/dataset/5Hz/D11/U07_R03_accel.csv,88,D11,"accel_time_list, accel_x_list, accel_y_list, accel_z_list"
/home/vinh_shindo/safewatch-fall-detector-edge-ai/data/raw/WEDA-FALL/dataset/5Hz/D11/U08_R01_accel.csv,73,D11,"accel_time_list, accel_x_list, accel_y_list, accel_z_list"
/home/vinh_shindo/safewatch-fall-detector-edge-ai/data/raw/WEDA-FALL/dataset/5Hz/D11/U08_R02_accel.csv,62,D11,"accel_time_list, accel_x_list, accel_y_list, accel_z_list"
/home/vinh_shindo/safewatch-fall-detector-edge-ai/data/raw/WEDA-FALL/dataset/5Hz/D11/U08_R03_accel.csv,60,D11,"accel_time_list, accel_x_list, accel_y_list, accel_z_list"
/home/vinh_shindo/safewatch-fall-detector-edge-ai/data/raw/WEDA-FALL/dataset/5Hz/D11/U09_R01_accel.csv,71,D11,"accel_time_list, accel_x_list, accel_y_list, accel_z_list"
/home/vinh_shindo/safewatch-fall-detector-edge-ai/data/raw/WEDA-FALL/dataset/5Hz/D11/U09_R02_accel.csv,81,D11,"accel_time_list, accel_x_list, accel_y_list, accel_z_list"
/home/vinh_shindo/safewatch-fall-detector-edge-ai/data/raw/WEDA-FALL/dataset/5Hz/D11/U09_R03_accel.csv,89,D11,"accel_time_list, accel_x_list, accel_y_list, accel_z_list"
/home/vinh_shindo/safewatch-fall-detector-edge-ai/data/raw/WEDA-FALL/dataset/5Hz/D11/U10_R01_accel.csv,78,D11,"accel_time_list, accel_x_list, accel_y_list, accel_z_list"
/home/vinh_shindo/safewatch-fall-detector-edge-ai/data/raw/WEDA-FALL/dataset/5Hz/D11/U10_R02_accel.csv,69,D11,"accel_time_list, accel_x_list, accel_y_list, accel_z_list"
/home/vinh_shindo/safewatch-fall-detector-edge-ai/data/raw/WEDA-FALL/dataset/5Hz/D11/U10_R03_accel.csv,67,D11,"accel_time_list, accel_x_list, accel_y_list, accel_z_list"
/home/vinh_shindo/safewatch-fall-detector-edge-ai/data/raw/WEDA-FALL/dataset/5Hz/D11/U11_R01_accel.csv,57,D11,"accel_time_list, accel_x_list, accel_y_list, accel_z_list"
/home/vinh_shindo/safewatch-fall-detector-edge-ai/data/raw/WEDA-FALL/dataset/5Hz/D11/U11_R02_accel.csv,59,D11,"accel_time_list, accel_x_list, accel_y_list, accel_z_list"
/home/vinh_shindo/safewatch-fall-detector-edge-ai/data/raw/WEDA-FALL/dataset/5Hz/D11/U11_R03_accel.csv,62,D11,"accel_time_list, accel_x_list, accel_y_list, accel_z_list"
/home/vinh_shindo/safewatch-fall-detector-edge-ai/data/raw/WEDA-FALL/dataset/5Hz/D11/U12_R01_accel.csv,56,D11,"accel_time_list, accel_x_list, accel_y_list, accel_z_list"
/home/vinh_shindo/safewatch-fall-detector-edge-ai/data/raw/WEDA-FALL/dataset/5Hz/D11/U12_R02_accel.csv,49,D11,"accel_time_list, accel_x_list, accel_y_list, accel_z_list"
/home/vinh_shindo/safewatch-fall-detector-edge-ai/data/raw/WEDA-FALL/dataset/5Hz/D11/U12_R03_accel.csv,42,D11,"accel_time_list, accel_x_list, accel_y_list, accel_z_list"
/home/vinh_shindo/safewatch-fall-detector-edge-ai/data/raw/WEDA-FALL/dataset/5Hz/D11/U13_R01_accel.csv,60,D11,"accel_time_list, accel_x_list, accel_y_list, accel_z_list"
/home/vinh_shindo/safewatch-fall-detector-edge-ai/data/raw/WEDA-FALL/dataset/5Hz/D11/U13_R02_accel.csv,59,D11,"accel_time_list, accel_x_list, accel_y_list, accel_z_list"
/home/vinh_shindo/safewatch-fall-detector-edge-ai/data/raw/WEDA-FALL/dataset/5Hz/D11/U13_R03_accel.csv,60,D11,"accel_time_list, accel_x_list, accel_y_list, accel_z_list"
/home/vinh_shindo/safewatch-fall-detector-edge-ai/data/raw/WEDA-FALL/dataset/5Hz/D11/U14_R01_accel.csv,67,D11,"accel_time_list, accel_x_list, accel_y_list, accel_z_list"
/home/vinh_shindo/safewatch-fall-detector-edge-ai/data/raw/WEDA-FALL/dataset/5Hz/D11/U14_R02_accel.csv,65,D11,"accel_time_list, accel_x_list, accel_y_list, accel_z_list"
/home/vinh_shindo/safewatch-fall-detector-edge-ai/data/raw/WEDA-FALL/dataset/5Hz/D11/U14_R03_accel.csv,64,D11,"accel_time_list, accel_x_list, accel_y_list, accel_z_list"
/home/vinh_shindo/safewatch-fall-detector-edge-ai/data/raw/WEDA-FALL/dataset/5Hz/D11/U21_R01_accel.csv,57,D11,"accel_time_list, accel_x_list, accel_y_list, accel_z_list"
/home/vinh_shindo/safewatch-fall-detector-edge-ai/data/raw/WEDA-FALL/dataset/5Hz/D11/U21_R02_accel.csv,66,D11,"accel_time_list, accel_x_list, accel_y_list, accel_z_list"
/home/vinh_shindo/safewatch-fall-detector-edge-ai/data/raw/WEDA-FALL/dataset/5Hz/D11/U22_R01_accel.csv,87,D11,"accel_time_list, accel_x_list, accel_y_list, accel_z_list"
/home/vinh_shindo/safewatch-fall-detector-edge-ai/data/raw/WEDA-FALL/dataset/5Hz/D11/U22_R02_accel.csv,60,D11,"accel_time_list, accel_x_list, accel_y_list, accel_z_list"
/home/vinh_shindo/safewatch-fall-detector-edge-ai/data/raw/WEDA-FALL/dataset/5Hz/D11/U23_R01_accel.csv,49,D11,"accel_time_list, accel_x_list, accel_y_list, accel_z_list"
/home/vinh_shindo/safewatch-fall-detector-edge-ai/data/raw/WEDA-FALL/dataset/5Hz/D11/U23_R02_accel.csv,54,D11,"accel_time_list, accel_x_list, accel_y_list, accel_z_list"
/home/vinh_shindo/safewatch-fall-detector-edge-ai/data/raw/WEDA-FALL/dataset/5Hz/D11/U23_R03_accel.csv,53,D11,"accel_time_list, accel_x_list, accel_y_list, accel_z_list"
/home/vinh_shindo/safewatch-fall-detector-edge-ai/data/raw/WEDA-FALL/dataset/5Hz/D11/U24_R01_accel.csv,33,D11,"accel_time_list, accel_x_list, accel_y_list, accel_z_list"
/home/vinh_shindo/safewatch-fall-detector-edge-ai/data/raw/WEDA-FALL/dataset/5Hz/D11/U24_R02_accel.csv,42,D11,"accel_time_list, accel_x_list, accel_y_list, accel_z_list"
/home/vinh_shindo/safewatch-fall-detector-edge-ai/data/raw/WEDA-FALL/dataset/5Hz/D11/U24_R03_accel.csv,37,D11,"accel_time_list, accel_x_list, accel_y_list, accel_z_list"
/home/vinh_shindo/safewatch-fall-detector-edge-ai/data/raw/WEDA-FALL/dataset/5Hz/D11/U25_R01_accel.csv,49,D11,"accel_time_list, accel_x_list, accel_y_list, accel_z_list"
/home/vinh_shindo/safewatch-fall-detector-edge-ai/data/raw/WEDA-FALL/dataset/5Hz/D11/U25_R02_accel.csv,40,D11,"accel_time_list, accel_x_list, accel_y_list, accel_z_list"
/home/vinh_shindo/safewatch-fall-detector-edge-ai/data/raw/WEDA-FALL/dataset/5Hz/D11/U26_R01_accel.csv,41,D11,"accel_time_list, accel_x_list, accel_y_list, accel_z_list"
/home/vinh_shindo/safewatch-fall-detector-edge-ai/data/raw/WEDA-FALL/dataset/5Hz/D11/U26_R02_accel.csv,30,D11,"accel_time_list, accel_x_list, accel_y_list, accel_z_list"
/home/vinh_shindo/safewatch-fall-detector-edge-ai/data/raw/WEDA-FALL/dataset/5Hz/D11/U26_R03_accel.csv,29,D11,"accel_time_list, accel_x_list, accel_y_list, accel_z_list"
/home/vinh_shindo/safewatch-fall-detector-edge-ai/data/raw/WEDA-FALL/dataset/5Hz/D11/U27_R01_accel.csv,39,D11,"accel_time_list, accel_x_list, accel_y_list, accel_z_list"
/home/vinh_shindo/safewatch-fall-detector-edge-ai/data/raw/WEDA-FALL/dataset/5Hz/D11/U27_R02_accel.csv,38,D11,"accel_time_list, accel_x_list, accel_y_list, accel_z_list"
/home/vinh_shindo/safewatch-fall-detector-edge-ai/data/raw/WEDA-FALL/dataset/5Hz/D11/U27_R03_accel.csv,28,D11,"accel_time_list, accel_x_list, accel_y_list, accel_z_list"
/home/vinh_shindo/safewatch-fall-detector-edge-ai/data/raw/WEDA-FALL/dataset/5Hz/D11/U28_R01_accel.csv,37,D11,"accel_time_list, accel_x_list, accel_y_list, accel_z_list"
/home/vinh_shindo/safewatch-fall-detector-edge-ai/data/raw/WEDA-FALL/dataset/5Hz/D11/U28_R02_accel.csv,40,D11,"accel_time_list, accel_x_list, accel_y_list, accel_z_list"
/home/vinh_shindo/safewatch-fall-detector-edge-ai/data/raw/WEDA-FALL/dataset/5Hz/D11/U28_R03_accel.csv,44,D11,"accel_time_list, accel_x_list, accel_y_list, accel_z_list"
/home/vinh_shindo/safewatch-fall-detector-edge-ai/data/raw/WEDA-FALL/dataset/5Hz/D11/U29_R01_accel.csv,43,D11,"accel_time_list, accel_x_list, accel_y_list, accel_z_list"
/home/vinh_shindo/safewatch-fall-detector-edge-ai/data/raw/WEDA-FALL/dataset/5Hz/D11/U29_R02_accel.csv,39,D11,"accel_time_list, accel_x_list, accel_y_list, accel_z_list"
/home/vinh_shindo/safewatch-fall-detector-edge-ai/data/raw/WEDA-FALL/dataset/5Hz/D11/U29_R03_accel.csv,33,D11,"accel_time_list, accel_x_list, accel_y_list, accel_z_list"
/home/vinh_shindo/safewatch-fall-detector-edge-ai/data/raw/WEDA-FALL/dataset/5Hz/D11/U30_R01_accel.csv,32,D11,"accel_time_list, accel_x_list, accel_y_list, accel_z_list"
/home/vinh_shindo/safewatch-fall-detector-edge-ai/data/raw/WEDA-FALL/dataset/5Hz/D11/U30_R02_accel.csv,36,D11,"accel_time_list, accel_x_list, accel_y_list, accel_z_list"
/home/vinh_shindo/safewatch-fall-detector-edge-ai/data/raw/WEDA-FALL/dataset/5Hz/D11/U31_R01_accel.csv,37,D11,"accel_time_list, accel_x_list, accel_y_list, accel_z_list"
/home/vinh_shindo/safewatch-fall-detector-edge-ai/data/raw/WEDA-FALL/dataset/5Hz/D11/U31_R02_accel.csv,30,D11,"accel_time_list, accel_x_list, accel_y_list, accel_z_list"
/home/vinh_shindo/safewatch-fall-detector-edge-ai/data/raw/WEDA-FALL/dataset/5Hz/D11/U31_R03_accel.csv,33,D11,"accel_time_list, accel_x_list, accel_y_list, accel_z_list"
/home/vinh_shindo/safewatch-fall-detector-edge-ai/data/raw/WEDA-FALL/dataset/5Hz/F01/U01_R01_accel.csv,62,F01,"accel_time_list, accel_x_list, accel_y_list, accel_z_list"
/home/vinh_shindo/safewatch-fall-detector-edge-ai/data/raw/WEDA-FALL/dataset/5Hz/F01/U01_R02_accel.csv,63,F01,"accel_time_list, accel_x_list, accel_y_list, accel_z_list"
/home/vinh_shindo/safewatch-fall-detector-edge-ai/data/raw/WEDA-FALL/dataset/5Hz/F01/U01_R03_accel.csv,70,F01,"accel_time_list, accel_x_list, accel_y_list, accel_z_list"
/home/vinh_shindo/safewatch-fall-detector-edge-ai/data/raw/WEDA-FALL/dataset/5Hz/F01/U02_R01_accel.csv,59,F01,"accel_time_list, accel_x_list, accel_y_list, accel_z_list"
/home/vinh_shindo/safewatch-fall-detector-edge-ai/data/raw/WEDA-FALL/dataset/5Hz/F01/U02_R02_accel.csv,53,F01,"accel_time_list, accel_x_list, accel_y_list, accel_z_list"
/home/vinh_shindo/safewatch-fall-detector-edge-ai/data/raw/WEDA-FALL/dataset/5Hz/F01/U02_R03_accel.csv,84,F01,"accel_time_list, accel_x_list, accel_y_list, accel_z_list"
/home/vinh_shindo/safewatch-fall-detector-edge-ai/data/raw/WEDA-FALL/dataset/5Hz/F01/U03_R01_accel.csv,48,F01,"accel_time_list, accel_x_list, accel_y_list, accel_z_list"
/home/vinh_shindo/safewatch-fall-detector-edge-ai/data/raw/WEDA-FALL/dataset/5Hz/F01/U03_R02_accel.csv,45,F01,"accel_time_list, accel_x_list, accel_y_list, accel_z_list"
/home/vinh_shindo/safewatch-fall-detector-edge-ai/data/raw/WEDA-FALL/dataset/5Hz/F01/U03_R03_accel.csv,51,F01,"accel_time_list, accel_x_list, accel_y_list, accel_z_list"
/home/vinh_shindo/safewatch-fall-detector-edge-ai/data/raw/WEDA-FALL/dataset/5Hz/F01/U04_R01_accel.csv,82,F01,"accel_time_list, accel_x_list, accel_y_list, accel_z_list"
/home/vinh_shindo/safewatch-fall-detector-edge-ai/data/raw/WEDA-FALL/dataset/5Hz/F01/U04_R02_accel.csv,81,F01,"accel_time_list, accel_x_list, accel_y_list, accel_z_list"
/home/vinh_shindo/safewatch-fall-detector-edge-ai/data/raw/WEDA-FALL/dataset/5Hz/F01/U04_R03_accel.csv,52,F01,"accel_time_list, accel_x_list, accel_y_list, accel_z_list"
/home/vinh_shindo/safewatch-fall-detector-edge-ai/data/raw/WEDA-FALL/dataset/5Hz/F01/U05_R01_accel.csv,64,F01,"accel_time_list, accel_x_list, accel_y_list, accel_z_list"
/home/vinh_shindo/safewatch-fall-detector-edge-ai/data/raw/WEDA-FALL/dataset/5Hz/F01/U05_R02_accel.csv,51,F01,"accel_time_list, accel_x_list, accel_y_list, accel_z_list"
/home/vinh_shindo/safewatch-fall-detector-edge-ai/data/raw/WEDA-FALL/dataset/5Hz/F01/U05_R03_accel.csv,58,F01,"accel_time_list, accel_x_list, accel_y_list, accel_z_list"
/home/vinh_shindo/safewatch-fall-detector-edge-ai/data/raw/WEDA-FALL/dataset/5Hz/F01/U06_R01_accel.csv,66,F01,"accel_time_list, accel_x_list, accel_y_list, accel_z_list"
/home/vinh_shindo/safewatch-fall-detector-edge-ai/data/raw/WEDA-FALL/dataset/5Hz/F01/U06_R02_accel.csv,80,F01,"accel_time_list, accel_x_list, accel_y_list, accel_z_list"
/home/vinh_shindo/safewatch-fall-detector-edge-ai/data/raw/WEDA-FALL/dataset/5Hz/F01/U06_R03_accel.csv,68,F01,"accel_time_list, accel_x_list, accel_y_list, accel_z_list"
/home/vinh_shindo/safewatch-fall-detector-edge-ai/data/raw/WEDA-FALL/dataset/5Hz/F01/U07_R01_accel.csv,58,F01,"accel_time_list, accel_x_list, accel_y_list, accel_z_list"
/home/vinh_shindo/safewatch-fall-detector-edge-ai/data/raw/WEDA-FALL/dataset/5Hz/F01/U07_R02_accel.csv,58,F01,"accel_time_list, accel_x_list, accel_y_list, accel_z_list"
/home/vinh_shindo/safewatch-fall-detector-edge-ai/data/raw/WEDA-FALL/dataset/5Hz/F01/U07_R03_accel.csv,66,F01,"accel_time_list, accel_x_list, accel_y_list, accel_z_list"
/home/vinh_shindo/safewatch-fall-detector-edge-ai/data/raw/WEDA-FALL/dataset/5Hz/F01/U08_R01_accel.csv,76,F01,"accel_time_list, accel_x_list, accel_y_list, accel_z_list"
/home/vinh_shindo/safewatch-fall-detector-edge-ai/data/raw/WEDA-FALL/dataset/5Hz/F01/U08_R02_accel.csv,69,F01,"accel_time_list, accel_x_list, accel_y_list, accel_z_list"
/home/vinh_shindo/safewatch-fall-detector-edge-ai/data/raw/WEDA-FALL/dataset/5Hz/F01/U08_R03_accel.csv,65,F01,"accel_time_list, accel_x_list, accel_y_list, accel_z_list"
/home/vinh_shindo/safewatch-fall-detector-edge-ai/data/raw/WEDA-FALL/dataset/5Hz/F01/U09_R01_accel.csv,70,F01,"accel_time_list, accel_x_list, accel_y_list, accel_z_list"
/home/vinh_shindo/safewatch-fall-detector-edge-ai/data/raw/WEDA-FALL/dataset/5Hz/F01/U09_R02_accel.csv,49,F01,"accel_time_list, accel_x_list, accel_y_list, accel_z_list"
/home/vinh_shindo/safewatch-fall-detector-edge-ai/data/raw/WEDA-FALL/dataset/5Hz/F01/U09_R03_accel.csv,58,F01,"accel_time_list, accel_x_list, accel_y_list, accel_z_list"
/home/vinh_shindo/safewatch-fall-detector-edge-ai/data/raw/WEDA-FALL/dataset/5Hz/F01/U10_R01_accel.csv,60,F01,"accel_time_list, accel_x_list, accel_y_list, accel_z_list"
/home/vinh_shindo/safewatch-fall-detector-edge-ai/data/raw/WEDA-FALL/dataset/5Hz/F01/U10_R02_accel.csv,65,F01,"accel_time_list, accel_x_list, accel_y_list, accel_z_list"
/home/vinh_shindo/safewatch-fall-detector-edge-ai/data/raw/WEDA-FALL/dataset/5Hz/F01/U10_R03_accel.csv,62,F01,"accel_time_list, accel_x_list, accel_y_list, accel_z_list"
/home/vinh_shindo/safewatch-fall-detector-edge-ai/data/raw/WEDA-FALL/dataset/5Hz/F01/U11_R01_accel.csv,39,F01,"accel_time_list, accel_x_list, accel_y_list, accel_z_list"
/home/vinh_shindo/safewatch-fall-detector-edge-ai/data/raw/WEDA-FALL/dataset/5Hz/F01/U11_R02_accel.csv,43,F01,"accel_time_list, accel_x_list, accel_y_list, accel_z_list"
/home/vinh_shindo/safewatch-fall-detector-edge-ai/data/raw/WEDA-FALL/dataset/5Hz/F01/U11_R03_accel.csv,54,F01,"accel_time_list, accel_x_list, accel_y_list, accel_z_list"
/home/vinh_shindo/safewatch-fall-detector-edge-ai/data/raw/WEDA-FALL/dataset/5Hz/F01/U12_R01_accel.csv,69,F01,"accel_time_list, accel_x_list, accel_y_list, accel_z_list"
/home/vinh_shindo/safewatch-fall-detector-edge-ai/data/raw/WEDA-FALL/dataset/5Hz/F01/U12_R02_accel.csv,47,F01,"accel_time_list, accel_x_list, accel_y_list, accel_z_list"
/home/vinh_shindo/safewatch-fall-detector-edge-ai/data/raw/WEDA-FALL/dataset/5Hz/F01/U12_R03_accel.csv,46,F01,"accel_time_list, accel_x_list, accel_y_list, accel_z_list"
/home/vinh_shindo/safewatch-fall-detector-edge-ai/data/raw/WEDA-FALL/dataset/5Hz/F01/U13_R01_accel.csv,48,F01,"accel_time_list, accel_x_list, accel_y_list, accel_z_list"
/home/vinh_shindo/safewatch-fall-detector-edge-ai/data/raw/WEDA-FALL/dataset/5Hz/F01/U13_R02_accel.csv,78,F01,"accel_time_list, accel_x_list, accel_y_list, accel_z_list"
/home/vinh_shindo/safewatch-fall-detector-edge-ai/data/raw/WEDA-FALL/dataset/5Hz/F01/U13_R03_accel.csv,52,F01,"accel_time_list, accel_x_list, accel_y_list, accel_z_list"
/home/vinh_shindo/safewatch-fall-detector-edge-ai/data/raw/WEDA-FALL/dataset/5Hz/F01/U14_R01_accel.csv,89,F01,"accel_time_list, accel_x_list, accel_y_list, accel_z_list"
/home/vinh_shindo/safewatch-fall-detector-edge-ai/data/raw/WEDA-FALL/dataset/5Hz/F01/U14_R02_accel.csv,88,F01,"accel_time_list, accel_x_list, accel_y_list, accel_z_list"
/home/vinh_shindo/safewatch-fall-detector-edge-ai/data/raw/WEDA-FALL/dataset/5Hz/F01/U14_R03_accel.csv,76,F01,"accel_time_list, accel_x_list, accel_y_list, accel_z_list"
/home/vinh_shindo/safewatch-fall-detector-edge-ai/data/raw/WEDA-FALL/dataset/5Hz/F02/U01_R01_accel.csv,67,F02,"accel_time_list, accel_x_list, accel_y_list, accel_z_list"
/home/vinh_shindo/safewatch-fall-detector-edge-ai/data/raw/WEDA-FALL/dataset/5Hz/F02/U01_R02_accel.csv,68,F02,"accel_time_list, accel_x_list, accel_y_list, accel_z_list"
/home/vinh_shindo/safewatch-fall-detector-edge-ai/data/raw/WEDA-FALL/dataset/5Hz/F02/U01_R03_accel.csv,70,F02,"accel_time_list, accel_x_list, accel_y_list, accel_z_list"
/home/vinh_shindo/safewatch-fall-detector-edge-ai/data/raw/WEDA-FALL/dataset/5Hz/F02/U02_R01_accel.csv,69,F02,"accel_time_list, accel_x_list, accel_y_list, accel_z_list"
/home/vinh_shindo/safewatch-fall-detector-edge-ai/data/raw/WEDA-FALL/dataset/5Hz/F02/U02_R02_accel.csv,58,F02,"accel_time_list, accel_x_list, accel_y_list, accel_z_list"
/home/vinh_shindo/safewatch-fall-detector-edge-ai/data/raw/WEDA-FALL/dataset/5Hz/F02/U02_R03_accel.csv,46,F02,"accel_time_list, accel_x_list, accel_y_list, accel_z_list"
/home/vinh_shindo/safewatch-fall-detector-edge-ai/data/raw/WEDA-FALL/dataset/5Hz/F02/U03_R01_accel.csv,43,F02,"accel_time_list, accel_x_list, accel_y_list, accel_z_list"
/home/vinh_shindo/safewatch-fall-detector-edge-ai/data/raw/WEDA-FALL/dataset/5Hz/F02/U03_R02_accel.csv,49,F02,"accel_time_list, accel_x_list, accel_y_list, accel_z_list"
/home/vinh_shindo/safewatch-fall-detector-edge-ai/data/raw/WEDA-FALL/dataset/5Hz/F02/U03_R03_accel.csv,45,F02,"accel_time_list, accel_x_list, accel_y_list, accel_z_list"
/home/vinh_shindo/safewatch-fall-detector-edge-ai/data/raw/WEDA-FALL/dataset/5Hz/F02/U04_R01_accel.csv,54,F02,"accel_time_list, accel_x_list, accel_y_list, accel_z_list"
/home/vinh_shindo/safewatch-fall-detector-edge-ai/data/raw/WEDA-FALL/dataset/5Hz/F02/U04_R02_accel.csv,66,F02,"accel_time_list, accel_x_list, accel_y_list, accel_z_list"
/home/vinh_shindo/safewatch-fall-detector-edge-ai/data/raw/WEDA-FALL/dataset/5Hz/F02/U04_R03_accel.csv,50,F02,"accel_time_list, accel_x_list, accel_y_list, accel_z_list"
/home/vinh_shindo/safewatch-fall-detector-edge-ai/data/raw/WEDA-FALL/dataset/5Hz/F02/U05_R01_accel.csv,76,F02,"accel_time_list, accel_x_list, accel_y_list, accel_z_list"
/home/vinh_shindo/safewatch-fall-detector-edge-ai/data/raw/WEDA-FALL/dataset/5Hz/F02/U05_R02_accel.csv,76,F02,"accel_time_list, accel_x_list, accel_y_list, accel_z_list"
/home/vinh_shindo/safewatch-fall-detector-edge-ai/data/raw/WEDA-FALL/dataset/5Hz/F02/U05_R03_accel.csv,68,F02,"accel_time_list, accel_x_list, accel_y_list, accel_z_list"
/home/vinh_shindo/safewatch-fall-detector-edge-ai/data/raw/WEDA-FALL/dataset/5Hz/F02/U06_R01_accel.csv,64,F02,"accel_time_list, accel_x_list, accel_y_list, accel_z_list"
/home/vinh_shindo/safewatch-fall-detector-edge-ai/data/raw/WEDA-FALL/dataset/5Hz/F02/U06_R02_accel.csv,70,F02,"accel_time_list, accel_x_list, accel_y_list, accel_z_list"
/home/vinh_shindo/safewatch-fall-detector-edge-ai/data/raw/WEDA-FALL/dataset/5Hz/F02/U06_R03_accel.csv,68,F02,"accel_time_list, accel_x_list, accel_y_list, accel_z_list"
/home/vinh_shindo/safewatch-fall-detector-edge-ai/data/raw/WEDA-FALL/dataset/5Hz/F02/U07_R01_accel.csv,63,F02,"accel_time_list, accel_x_list, accel_y_list, accel_z_list"
/home/vinh_shindo/safewatch-fall-detector-edge-ai/data/raw/WEDA-FALL/dataset/5Hz/F02/U07_R02_accel.csv,58,F02,"accel_time_list, accel_x_list, accel_y_list, accel_z_list"
/home/vinh_shindo/safewatch-fall-detector-edge-ai/data/raw/WEDA-FALL/dataset/5Hz/F02/U07_R03_accel.csv,60,F02,"accel_time_list, accel_x_list, accel_y_list, accel_z_list"
/home/vinh_shindo/safewatch-fall-detector-edge-ai/data/raw/WEDA-FALL/dataset/5Hz/F02/U08_R01_accel.csv,75,F02,"accel_time_list, accel_x_list, accel_y_list, accel_z_list"
/home/vinh_shindo/safewatch-fall-detector-edge-ai/data/raw/WEDA-FALL/dataset/5Hz/F02/U08_R02_accel.csv,70,F02,"accel_time_list, accel_x_list, accel_y_list, accel_z_list"
/home/vinh_shindo/safewatch-fall-detector-edge-ai/data/raw/WEDA-FALL/dataset/5Hz/F02/U08_R03_accel.csv,69,F02,"accel_time_list, accel_x_list, accel_y_list, accel_z_list"
/home/vinh_shindo/safewatch-fall-detector-edge-ai/data/raw/WEDA-FALL/dataset/5Hz/F02/U09_R01_accel.csv,48,F02,"accel_time_list, accel_x_list, accel_y_list, accel_z_list"
/home/vinh_shindo/safewatch-fall-detector-edge-ai/data/raw/WEDA-FALL/dataset/5Hz/F02/U09_R02_accel.csv,52,F02,"accel_time_list, accel_x_list, accel_y_list, accel_z_list"
/home/vinh_shindo/safewatch-fall-detector-edge-ai/data/raw/WEDA-FALL/dataset/5Hz/F02/U09_R03_accel.csv,58,F02,"accel_time_list, accel_x_list, accel_y_list, accel_z_list"
/home/vinh_shindo/safewatch-fall-detector-edge-ai/data/raw/WEDA-FALL/dataset/5Hz/F02/U10_R01_accel.csv,68,F02,"accel_time_list, accel_x_list, accel_y_list, accel_z_list"
/home/vinh_shindo/safewatch-fall-detector-edge-ai/data/raw/WEDA-FALL/dataset/5Hz/F02/U10_R02_accel.csv,63,F02,"accel_time_list, accel_x_list, accel_y_list, accel_z_list"
/home/vinh_shindo/safewatch-fall-detector-edge-ai/data/raw/WEDA-FALL/dataset/5Hz/F02/U10_R03_accel.csv,56,F02,"accel_time_list, accel_x_list, accel_y_list, accel_z_list"
/home/vinh_shindo/safewatch-fall-detector-edge-ai/data/raw/WEDA-FALL/dataset/5Hz/F02/U11_R01_accel.csv,52,F02,"accel_time_list, accel_x_list, accel_y_list, accel_z_list"
/home/vinh_shindo/safewatch-fall-detector-edge-ai/data/raw/WEDA-FALL/dataset/5Hz/F02/U11_R02_accel.csv,41,F02,"accel_time_list, accel_x_list, accel_y_list, accel_z_list"
/home/vinh_shindo/safewatch-fall-detector-edge-ai/data/raw/WEDA-FALL/dataset/5Hz/F02/U11_R03_accel.csv,50,F02,"accel_time_list, accel_x_list, accel_y_list, accel_z_list"
/home/vinh_shindo/safewatch-fall-detector-edge-ai/data/raw/WEDA-FALL/dataset/5Hz/F02/U12_R01_accel.csv,46,F02,"accel_time_list, accel_x_list, accel_y_list, accel_z_list"
/home/vinh_shindo/safewatch-fall-detector-edge-ai/data/raw/WEDA-FALL/dataset/5Hz/F02/U12_R02_accel.csv,50,F02,"accel_time_list, accel_x_list, accel_y_list, accel_z_list"
/home/vinh_shindo/safewatch-fall-detector-edge-ai/data/raw/WEDA-FALL/dataset/5Hz/F02/U12_R03_accel.csv,54,F02,"accel_time_list, accel_x_list, accel_y_list, accel_z_list"
/home/vinh_shindo/safewatch-fall-detector-edge-ai/data/raw/WEDA-FALL/dataset/5Hz/F02/U13_R01_accel.csv,54,F02,"accel_time_list, accel_x_list, accel_y_list, accel_z_list"
/home/vinh_shindo/safewatch-fall-detector-edge-ai/data/raw/WEDA-FALL/dataset/5Hz/F02/U13_R02_accel.csv,55,F02,"accel_time_list, accel_x_list, accel_y_list, accel_z_list"
/home/vinh_shindo/safewatch-fall-detector-edge-ai/data/raw/WEDA-FALL/dataset/5Hz/F02/U13_R03_accel.csv,62,F02,"accel_time_list, accel_x_list, accel_y_list, accel_z_list"
/home/vinh_shindo/safewatch-fall-detector-edge-ai/data/raw/WEDA-FALL/dataset/5Hz/F02/U14_R01_accel.csv,76,F02,"accel_time_list, accel_x_list, accel_y_list, accel_z_list"
/home/vinh_shindo/safewatch-fall-detector-edge-ai/data/raw/WEDA-FALL/dataset/5Hz/F02/U14_R02_accel.csv,68,F02,"accel_time_list, accel_x_list, accel_y_list, accel_z_list"
/home/vinh_shindo/safewatch-fall-detector-edge-ai/data/raw/WEDA-FALL/dataset/5Hz/F02/U14_R03_accel.csv,72,F02,"accel_time_list, accel_x_list, accel_y_list, accel_z_list"
/home/vinh_shindo/safewatch-fall-detector-edge-ai/data/raw/WEDA-FALL/dataset/5Hz/F03/U01_R01_accel.csv,69,F03,"accel_time_list, accel_x_list, accel_y_list, accel_z_list"
/home/vinh_shindo/safewatch-fall-detector-edge-ai/data/raw/WEDA-FALL/dataset/5Hz/F03/U01_R02_accel.csv,77,F03,"accel_time_list, accel_x_list, accel_y_list, accel_z_list"
/home/vinh_shindo/safewatch-fall-detector-edge-ai/data/raw/WEDA-FALL/dataset/5Hz/F03/U01_R03_accel.csv,76,F03,"accel_time_list, accel_x_list, accel_y_list, accel_z_list"
/home/vinh_shindo/safewatch-fall-detector-edge-ai/data/raw/WEDA-FALL/dataset/5Hz/F03/U02_R01_accel.csv,76,F03,"accel_time_list, accel_x_list, accel_y_list, accel_z_list"
/home/vinh_shindo/safewatch-fall-detector-edge-ai/data/raw/WEDA-FALL/dataset/5Hz/F03/U02_R02_accel.csv,60,F03,"accel_time_list, accel_x_list, accel_y_list, accel_z_list"
/home/vinh_shindo/safewatch-fall-detector-edge-ai/data/raw/WEDA-FALL/dataset/5Hz/F03/U02_R03_accel.csv,85,F03,"accel_time_list, accel_x_list, accel_y_list, accel_z_list"
/home/vinh_shindo/safewatch-fall-detector-edge-ai/data/raw/WEDA-FALL/dataset/5Hz/F03/U03_R01_accel.csv,61,F03,"accel_time_list, accel_x_list, accel_y_list, accel_z_list"
/home/vinh_shindo/safewatch-fall-detector-edge-ai/data/raw/WEDA-FALL/dataset/5Hz/F03/U03_R02_accel.csv,47,F03,"accel_time_list, accel_x_list, accel_y_list, accel_z_list"
/home/vinh_shindo/safewatch-fall-detector-edge-ai/data/raw/WEDA-FALL/dataset/5Hz/F03/U03_R03_accel.csv,50,F03,"accel_time_list, accel_x_list, accel_y_list, accel_z_list"
/home/vinh_shindo/safewatch-fall-detector-edge-ai/data/raw/WEDA-FALL/dataset/5Hz/F03/U04_R01_accel.csv,56,F03,"accel_time_list, accel_x_list, accel_y_list, accel_z_list"
/home/vinh_shindo/safewatch-fall-detector-edge-ai/data/raw/WEDA-FALL/dataset/5Hz/F03/U04_R02_accel.csv,43,F03,"accel_time_list, accel_x_list, accel_y_list, accel_z_list"
/home/vinh_shindo/safewatch-fall-detector-edge-ai/data/raw/WEDA-FALL/dataset/5Hz/F03/U04_R03_accel.csv,46,F03,"accel_time_list, accel_x_list, accel_y_list, accel_z_list"
/home/vinh_shindo/safewatch-fall-detector-edge-ai/data/raw/WEDA-FALL/dataset/5Hz/F03/U05_R01_accel.csv,72,F03,"accel_time_list, accel_x_list, accel_y_list, accel_z_list"
/home/vinh_shindo/safewatch-fall-detector-edge-ai/data/raw/WEDA-FALL/dataset/5Hz/F03/U05_R02_accel.csv,72,F03,"accel_time_list, accel_x_list, accel_y_list, accel_z_list"
/home/vinh_shindo/safewatch-fall-detector-edge-ai/data/raw/WEDA-FALL/dataset/5Hz/F03/U05_R03_accel.csv,70,F03,"accel_time_list, accel_x_list, accel_y_list, accel_z_list"
/home/vinh_shindo/safewatch-fall-detector-edge-ai/data/raw/WEDA-FALL/dataset/5Hz/F03/U06_R01_accel.csv,78,F03,"accel_time_list, accel_x_list, accel_y_list, accel_z_list"
/home/vinh_shindo/safewatch-fall-detector-edge-ai/data/raw/WEDA-FALL/dataset/5Hz/F03/U06_R02_accel.csv,60,F03,"accel_time_list, accel_x_list, accel_y_list, accel_z_list"
/home/vinh_shindo/safewatch-fall-detector-edge-ai/data/raw/WEDA-FALL/dataset/5Hz/F03/U06_R03_accel.csv,69,F03,"accel_time_list, accel_x_list, accel_y_list, accel_z_list"
/home/vinh_shindo/safewatch-fall-detector-edge-ai/data/raw/WEDA-FALL/dataset/5Hz/F03/U07_R01_accel.csv,62,F03,"accel_time_list, accel_x_list, accel_y_list, accel_z_list"
/home/vinh_shindo/safewatch-fall-detector-edge-ai/data/raw/WEDA-FALL/dataset/5Hz/F03/U07_R02_accel.csv,77,F03,"accel_time_list, accel_x_list, accel_y_list, accel_z_list"
/home/vinh_shindo/safewatch-fall-detector-edge-ai/data/raw/WEDA-FALL/dataset/5Hz/F03/U07_R03_accel.csv,70,F03,"accel_time_list, accel_x_list, accel_y_list, accel_z_list"
/home/vinh_shindo/safewatch-fall-detector-edge-ai/data/raw/WEDA-FALL/dataset/5Hz/F03/U08_R01_accel.csv,95,F03,"accel_time_list, accel_x_list, accel_y_list, accel_z_list"
/home/vinh_shindo/safewatch-fall-detector-edge-ai/data/raw/WEDA-FALL/dataset/5Hz/F03/U08_R02_accel.csv,97,F03,"accel_time_list, accel_x_list, accel_y_list, accel_z_list"
/home/vinh_shindo/safewatch-fall-detector-edge-ai/data/raw/WEDA-FALL/dataset/5Hz/F03/U08_R03_accel.csv,78,F03,"accel_time_list, accel_x_list, accel_y_list, accel_z_list"
/home/vinh_shindo/safewatch-fall-detector-edge-ai/data/raw/WEDA-FALL/dataset/5Hz/F03/U09_R01_accel.csv,60,F03,"accel_time_list, accel_x_list, accel_y_list, accel_z_list"
/home/vinh_shindo/safewatch-fall-detector-edge-ai/data/raw/WEDA-FALL/dataset/5Hz/F03/U09_R02_accel.csv,82,F03,"accel_time_list, accel_x_list, accel_y_list, accel_z_list"
/home/vinh_shindo/safewatch-fall-detector-edge-ai/data/raw/WEDA-FALL/dataset/5Hz/F03/U09_R03_accel.csv,69,F03,"accel_time_list, accel_x_list, accel_y_list, accel_z_list"
/home/vinh_shindo/safewatch-fall-detector-edge-ai/data/raw/WEDA-FALL/dataset/5Hz/F03/U10_R01_accel.csv,59,F03,"accel_time_list, accel_x_list, accel_y_list, accel_z_list"
/home/vinh_shindo/safewatch-fall-detector-edge-ai/data/raw/WEDA-FALL/dataset/5Hz/F03/U10_R02_accel.csv,58,F03,"accel_time_list, accel_x_list, accel_y_list, accel_z_list"
/home/vinh_shindo/safewatch-fall-detector-edge-ai/data/raw/WEDA-FALL/dataset/5Hz/F03/U10_R03_accel.csv,63,F03,"accel_time_list, accel_x_list, accel_y_list, accel_z_list"
/home/vinh_shindo/safewatch-fall-detector-edge-ai/data/raw/WEDA-FALL/dataset/5Hz/F03/U11_R01_accel.csv,48,F03,"accel_time_list, accel_x_list, accel_y_list, accel_z_list"
/home/vinh_shindo/safewatch-fall-detector-edge-ai/data/raw/WEDA-FALL/dataset/5Hz/F03/U11_R02_accel.csv,46,F03,"accel_time_list, accel_x_list, accel_y_list, accel_z_list"
/home/vinh_shindo/safewatch-fall-detector-edge-ai/data/raw/WEDA-FALL/dataset/5Hz/F03/U11_R03_accel.csv,51,F03,"accel_time_list, accel_x_list, accel_y_list, accel_z_list"
/home/vinh_shindo/safewatch-fall-detector-edge-ai/data/raw/WEDA-FALL/dataset/5Hz/F03/U12_R01_accel.csv,44,F03,"accel_time_list, accel_x_list, accel_y_list, accel_z_list"
/home/vinh_shindo/safewatch-fall-detector-edge-ai/data/raw/WEDA-FALL/dataset/5Hz/F03/U12_R02_accel.csv,52,F03,"accel_time_list, accel_x_list, accel_y_list, accel_z_list"
/home/vinh_shindo/safewatch-fall-detector-edge-ai/data/raw/WEDA-FALL/dataset/5Hz/F03/U12_R03_accel.csv,49,F03,"accel_time_list, accel_x_list, accel_y_list, accel_z_list"
/home/vinh_shindo/safewatch-fall-detector-edge-ai/data/raw/WEDA-FALL/dataset/5Hz/F03/U13_R01_accel.csv,50,F03,"accel_time_list, accel_x_list, accel_y_list, accel_z_list"
/home/vinh_shindo/safewatch-fall-detector-edge-ai/data/raw/WEDA-FALL/dataset/5Hz/F03/U13_R02_accel.csv,95,F03,"accel_time_list, accel_x_list, accel_y_list, accel_z_list"
/home/vinh_shindo/safewatch-fall-detector-edge-ai/data/raw/WEDA-FALL/dataset/5Hz/F03/U13_R03_accel.csv,56,F03,"accel_time_list, accel_x_list, accel_y_list, accel_z_list"
/home/vinh_shindo/safewatch-fall-detector-edge-ai/data/raw/WEDA-FALL/dataset/5Hz/F03/U14_R01_accel.csv,82,F03,"accel_time_list, accel_x_list, accel_y_list, accel_z_list"
/home/vinh_shindo/safewatch-fall-detector-edge-ai/data/raw/WEDA-FALL/dataset/5Hz/F03/U14_R02_accel.csv,100,F03,"accel_time_list, accel_x_list, accel_y_list, accel_z_list"
/home/vinh_shindo/safewatch-fall-detector-edge-ai/data/raw/WEDA-FALL/dataset/5Hz/F03/U14_R03_accel.csv,84,F03,"accel_time_list, accel_x_list, accel_y_list, accel_z_list"
/home/vinh_shindo/safewatch-fall-detector-edge-ai/data/raw/WEDA-FALL/dataset/5Hz/F04/U01_R01_accel.csv,68,F04,"accel_time_list, accel_x_list, accel_y_list, accel_z_list"
/home/vinh_shindo/safewatch-fall-detector-edge-ai/data/raw/WEDA-FALL/dataset/5Hz/F04/U01_R02_accel.csv,69,F04,"accel_time_list, accel_x_list, accel_y_list, accel_z_list"
/home/vinh_shindo/safewatch-fall-detector-edge-ai/data/raw/WEDA-FALL/dataset/5Hz/F04/U01_R03_accel.csv,76,F04,"accel_time_list, accel_x_list, accel_y_list, accel_z_list"
/home/vinh_shindo/safewatch-fall-detector-edge-ai/data/raw/WEDA-FALL/dataset/5Hz/F04/U02_R01_accel.csv,89,F04,"accel_time_list, accel_x_list, accel_y_list, accel_z_list"
/home/vinh_shindo/safewatch-fall-detector-edge-ai/data/raw/WEDA-FALL/dataset/5Hz/F04/U02_R02_accel.csv,59,F04,"accel_time_list, accel_x_list, accel_y_list, accel_z_list"
/home/vinh_shindo/safewatch-fall-detector-edge-ai/data/raw/WEDA-FALL/dataset/5Hz/F04/U02_R03_accel.csv,64,F04,"accel_time_list, accel_x_list, accel_y_list, accel_z_list"
/home/vinh_shindo/safewatch-fall-detector-edge-ai/data/raw/WEDA-FALL/dataset/5Hz/F04/U03_R01_accel.csv,39,F04,"accel_time_list, accel_x_list, accel_y_list, accel_z_list"
/home/vinh_shindo/safewatch-fall-detector-edge-ai/data/raw/WEDA-FALL/dataset/5Hz/F04/U03_R02_accel.csv,51,F04,"accel_time_list, accel_x_list, accel_y_list, accel_z_list"
/home/vinh_shindo/safewatch-fall-detector-edge-ai/data/raw/WEDA-FALL/dataset/5Hz/F04/U03_R03_accel.csv,47,F04,"accel_time_list, accel_x_list, accel_y_list, accel_z_list"
/home/vinh_shindo/safewatch-fall-detector-edge-ai/data/raw/WEDA-FALL/dataset/5Hz/F04/U04_R01_accel.csv,47,F04,"accel_time_list, accel_x_list, accel_y_list, accel_z_list"
/home/vinh_shindo/safewatch-fall-detector-edge-ai/data/raw/WEDA-FALL/dataset/5Hz/F04/U04_R02_accel.csv,47,F04,"accel_time_list, accel_x_list, accel_y_list, accel_z_list"
/home/vinh_shindo/safewatch-fall-detector-edge-ai/data/raw/WEDA-FALL/dataset/5Hz/F04/U04_R03_accel.csv,45,F04,"accel_time_list, accel_x_list, accel_y_list, accel_z_list"
/home/vinh_shindo/safewatch-fall-detector-edge-ai/data/raw/WEDA-FALL/dataset/5Hz/F04/U05_R01_accel.csv,58,F04,"accel_time_list, accel_x_list, accel_y_list, accel_z_list"
/home/vinh_shindo/safewatch-fall-detector-edge-ai/data/raw/WEDA-FALL/dataset/5Hz/F04/U05_R02_accel.csv,67,F04,"accel_time_list, accel_x_list, accel_y_list, accel_z_list"
/home/vinh_shindo/safewatch-fall-detector-edge-ai/data/raw/WEDA-FALL/dataset/5Hz/F04/U05_R03_accel.csv,61,F04,"accel_time_list, accel_x_list, accel_y_list, accel_z_list"
/home/vinh_shindo/safewatch-fall-detector-edge-ai/data/raw/WEDA-FALL/dataset/5Hz/F04/U06_R01_accel.csv,70,F04,"accel_time_list, accel_x_list, accel_y_list, accel_z_list"
/home/vinh_shindo/safewatch-fall-detector-edge-ai/data/raw/WEDA-FALL/dataset/5Hz/F04/U06_R02_accel.csv,68,F04,"accel_time_list, accel_x_list, accel_y_list, accel_z_list"
/home/vinh_shindo/safewatch-fall-detector-edge-ai/data/raw/WEDA-FALL/dataset/5Hz/F04/U06_R03_accel.csv,69,F04,"accel_time_list, accel_x_list, accel_y_list, accel_z_list"
/home/vinh_shindo/safewatch-fall-detector-edge-ai/data/raw/WEDA-FALL/dataset/5Hz/F04/U07_R01_accel.csv,51,F04,"accel_time_list, accel_x_list, accel_y_list, accel_z_list"
/home/vinh_shindo/safewatch-fall-detector-edge-ai/data/raw/WEDA-FALL/dataset/5Hz/F04/U07_R02_accel.csv,55,F04,"accel_time_list, accel_x_list, accel_y_list, accel_z_list"
/home/vinh_shindo/safewatch-fall-detector-edge-ai/data/raw/WEDA-FALL/dataset/5Hz/F04/U07_R03_accel.csv,61,F04,"accel_time_list, accel_x_list, accel_y_list, accel_z_list"
/home/vinh_shindo/safewatch-fall-detector-edge-ai/data/raw/WEDA-FALL/dataset/5Hz/F04/U08_R01_accel.csv,78,F04,"accel_time_list, accel_x_list, accel_y_list, accel_z_list"
/home/vinh_shindo/safewatch-fall-detector-edge-ai/data/raw/WEDA-FALL/dataset/5Hz/F04/U08_R02_accel.csv,67,F04,"accel_time_list, accel_x_list, accel_y_list, accel_z_list"
/home/vinh_shindo/safewatch-fall-detector-edge-ai/data/raw/WEDA-FALL/dataset/5Hz/F04/U08_R03_accel.csv,68,F04,"accel_time_list, accel_x_list, accel_y_list, accel_z_list"
/home/vinh_shindo/safewatch-fall-detector-edge-ai/data/raw/WEDA-FALL/dataset/5Hz/F04/U09_R01_accel.csv,64,F04,"accel_time_list, accel_x_list, accel_y_list, accel_z_list"
/home/vinh_shindo/safewatch-fall-detector-edge-ai/data/raw/WEDA-FALL/dataset/5Hz/F04/U09_R02_accel.csv,63,F04,"accel_time_list, accel_x_list, accel_y_list, accel_z_list"
/home/vinh_shindo/safewatch-fall-detector-edge-ai/data/raw/WEDA-FALL/dataset/5Hz/F04/U09_R03_accel.csv,59,F04,"accel_time_list, accel_x_list, accel_y_list, accel_z_list"
/home/vinh_shindo/safewatch-fall-detector-edge-ai/data/raw/WEDA-FALL/dataset/5Hz/F04/U10_R01_accel.csv,55,F04,"accel_time_list, accel_x_list, accel_y_list, accel_z_list"
/home/vinh_shindo/safewatch-fall-detector-edge-ai/data/raw/WEDA-FALL/dataset/5Hz/F04/U10_R02_accel.csv,55,F04,"accel_time_list, accel_x_list, accel_y_list, accel_z_list"
/home/vinh_shindo/safewatch-fall-detector-edge-ai/data/raw/WEDA-FALL/dataset/5Hz/F04/U10_R03_accel.csv,55,F04,"accel_time_list, accel_x_list, accel_y_list, accel_z_list"
/home/vinh_shindo/safewatch-fall-detector-edge-ai/data/raw/WEDA-FALL/dataset/5Hz/F04/U11_R01_accel.csv,36,F04,"accel_time_list, accel_x_list, accel_y_list, accel_z_list"
/home/vinh_shindo/safewatch-fall-detector-edge-ai/data/raw/WEDA-FALL/dataset/5Hz/F04/U11_R02_accel.csv,38,F04,"accel_time_list, accel_x_list, accel_y_list, accel_z_list"
/home/vinh_shindo/safewatch-fall-detector-edge-ai/data/raw/WEDA-FALL/dataset/5Hz/F04/U11_R03_accel.csv,46,F04,"accel_time_list, accel_x_list, accel_y_list, accel_z_list"
/home/vinh_shindo/safewatch-fall-detector-edge-ai/data/raw/WEDA-FALL/dataset/5Hz/F04/U12_R01_accel.csv,53,F04,"accel_time_list, accel_x_list, accel_y_list, accel_z_list"
/home/vinh_shindo/safewatch-fall-detector-edge-ai/data/raw/WEDA-FALL/dataset/5Hz/F04/U12_R02_accel.csv,61,F04,"accel_time_list, accel_x_list, accel_y_list, accel_z_list"
/home/vinh_shindo/safewatch-fall-detector-edge-ai/data/raw/WEDA-FALL/dataset/5Hz/F04/U12_R03_accel.csv,50,F04,"accel_time_list, accel_x_list, accel_y_list, accel_z_list"
/home/vinh_shindo/safewatch-fall-detector-edge-ai/data/raw/WEDA-FALL/dataset/5Hz/F04/U13_R01_accel.csv,64,F04,"accel_time_list, accel_x_list, accel_y_list, accel_z_list"
/home/vinh_shindo/safewatch-fall-detector-edge-ai/data/raw/WEDA-FALL/dataset/5Hz/F04/U13_R02_accel.csv,71,F04,"accel_time_list, accel_x_list, accel_y_list, accel_z_list"
/home/vinh_shindo/safewatch-fall-detector-edge-ai/data/raw/WEDA-FALL/dataset/5Hz/F04/U13_R03_accel.csv,76,F04,"accel_time_list, accel_x_list, accel_y_list, accel_z_list"
/home/vinh_shindo/safewatch-fall-detector-edge-ai/data/raw/WEDA-FALL/dataset/5Hz/F04/U14_R01_accel.csv,74,F04,"accel_time_list, accel_x_list, accel_y_list, accel_z_list"
/home/vinh_shindo/safewatch-fall-detector-edge-ai/data/raw/WEDA-FALL/dataset/5Hz/F04/U14_R02_accel.csv,68,F04,"accel_time_list, accel_x_list, accel_y_list, accel_z_list"
/home/vinh_shindo/safewatch-fall-detector-edge-ai/data/raw/WEDA-FALL/dataset/5Hz/F04/U14_R03_accel.csv,73,F04,"accel_time_list, accel_x_list, accel_y_list, accel_z_list"
/home/vinh_shindo/safewatch-fall-detector-edge-ai/data/raw/WEDA-FALL/dataset/5Hz/F05/U01_R01_accel.csv,63,F05,"accel_time_list, accel_x_list, accel_y_list, accel_z_list"
/home/vinh_shindo/safewatch-fall-detector-edge-ai/data/raw/WEDA-FALL/dataset/5Hz/F05/U01_R02_accel.csv,47,F05,"accel_time_list, accel_x_list, accel_y_list, accel_z_list"
/home/vinh_shindo/safewatch-fall-detector-edge-ai/data/raw/WEDA-FALL/dataset/5Hz/F05/U01_R03_accel.csv,56,F05,"accel_time_list, accel_x_list, accel_y_list, accel_z_list"
/home/vinh_shindo/safewatch-fall-detector-edge-ai/data/raw/WEDA-FALL/dataset/5Hz/F05/U02_R01_accel.csv,46,F05,"accel_time_list, accel_x_list, accel_y_list, accel_z_list"
/home/vinh_shindo/safewatch-fall-detector-edge-ai/data/raw/WEDA-FALL/dataset/5Hz/F05/U02_R02_accel.csv,43,F05,"accel_time_list, accel_x_list, accel_y_list, accel_z_list"
/home/vinh_shindo/safewatch-fall-detector-edge-ai/data/raw/WEDA-FALL/dataset/5Hz/F05/U02_R03_accel.csv,51,F05,"accel_time_list, accel_x_list, accel_y_list, accel_z_list"
/home/vinh_shindo/safewatch-fall-detector-edge-ai/data/raw/WEDA-FALL/dataset/5Hz/F05/U03_R01_accel.csv,44,F05,"accel_time_list, accel_x_list, accel_y_list, accel_z_list"
/home/vinh_shindo/safewatch-fall-detector-edge-ai/data/raw/WEDA-FALL/dataset/5Hz/F05/U03_R02_accel.csv,40,F05,"accel_time_list, accel_x_list, accel_y_list, accel_z_list"
/home/vinh_shindo/safewatch-fall-detector-edge-ai/data/raw/WEDA-FALL/dataset/5Hz/F05/U03_R03_accel.csv,40,F05,"accel_time_list, accel_x_list, accel_y_list, accel_z_list"
/home/vinh_shindo/safewatch-fall-detector-edge-ai/data/raw/WEDA-FALL/dataset/5Hz/F05/U04_R01_accel.csv,32,F05,"accel_time_list, accel_x_list, accel_y_list, accel_z_list"
/home/vinh_shindo/safewatch-fall-detector-edge-ai/data/raw/WEDA-FALL/dataset/5Hz/F05/U04_R02_accel.csv,38,F05,"accel_time_list, accel_x_list, accel_y_list, accel_z_list"
/home/vinh_shindo/safewatch-fall-detector-edge-ai/data/raw/WEDA-FALL/dataset/5Hz/F05/U04_R03_accel.csv,45,F05,"accel_time_list, accel_x_list, accel_y_list, accel_z_list"
/home/vinh_shindo/safewatch-fall-detector-edge-ai/data/raw/WEDA-FALL/dataset/5Hz/F05/U05_R01_accel.csv,68,F05,"accel_time_list, accel_x_list, accel_y_list, accel_z_list"
/home/vinh_shindo/safewatch-fall-detector-edge-ai/data/raw/WEDA-FALL/dataset/5Hz/F05/U05_R02_accel.csv,63,F05,"accel_time_list, accel_x_list, accel_y_list, accel_z_list"
/home/vinh_shindo/safewatch-fall-detector-edge-ai/data/raw/WEDA-FALL/dataset/5Hz/F05/U05_R03_accel.csv,67,F05,"accel_time_list, accel_x_list, accel_y_list, accel_z_list"
/home/vinh_shindo/safewatch-fall-detector-edge-ai/data/raw/WEDA-FALL/dataset/5Hz/F05/U06_R01_accel.csv,60,F05,"accel_time_list, accel_x_list, accel_y_list, accel_z_list"
/home/vinh_shindo/safewatch-fall-detector-edge-ai/data/raw/WEDA-FALL/dataset/5Hz/F05/U06_R02_accel.csv,67,F05,"accel_time_list, accel_x_list, accel_y_list, accel_z_list"
/home/vinh_shindo/safewatch-fall-detector-edge-ai/data/raw/WEDA-FALL/dataset/5Hz/F05/U06_R03_accel.csv,57,F05,"accel_time_list, accel_x_list, accel_y_list, accel_z_list"
/home/vinh_shindo/safewatch-fall-detector-edge-ai/data/raw/WEDA-FALL/dataset/5Hz/F05/U07_R01_accel.csv,44,F05,"accel_time_list, accel_x_list, accel_y_list, accel_z_list"
/home/vinh_shindo/safewatch-fall-detector-edge-ai/data/raw/WEDA-FALL/dataset/5Hz/F05/U07_R02_accel.csv,59,F05,"accel_time_list, accel_x_list, accel_y_list, accel_z_list"
/home/vinh_shindo/safewatch-fall-detector-edge-ai/data/raw/WEDA-FALL/dataset/5Hz/F05/U07_R03_accel.csv,67,F05,"accel_time_list, accel_x_list, accel_y_list, accel_z_list"
/home/vinh_shindo/safewatch-fall-detector-edge-ai/data/raw/WEDA-FALL/dataset/5Hz/F05/U08_R01_accel.csv,59,F05,"accel_time_list, accel_x_list, accel_y_list, accel_z_list"
/home/vinh_shindo/safewatch-fall-detector-edge-ai/data/raw/WEDA-FALL/dataset/5Hz/F05/U08_R02_accel.csv,67,F05,"accel_time_list, accel_x_list, accel_y_list, accel_z_list"
/home/vinh_shindo/safewatch-fall-detector-edge-ai/data/raw/WEDA-FALL/dataset/5Hz/F05/U08_R03_accel.csv,43,F05,"accel_time_list, accel_x_list, accel_y_list, accel_z_list"
/home/vinh_shindo/safewatch-fall-detector-edge-ai/data/raw/WEDA-FALL/dataset/5Hz/F05/U09_R01_accel.csv,42,F05,"accel_time_list, accel_x_list, accel_y_list, accel_z_list"
/home/vinh_shindo/safewatch-fall-detector-edge-ai/data/raw/WEDA-FALL/dataset/5Hz/F05/U09_R02_accel.csv,52,F05,"accel_time_list, accel_x_list, accel_y_list, accel_z_list"
/home/vinh_shindo/safewatch-fall-detector-edge-ai/data/raw/WEDA-FALL/dataset/5Hz/F05/U09_R03_accel.csv,53,F05,"accel_time_list, accel_x_list, accel_y_list, accel_z_list"
/home/vinh_shindo/safewatch-fall-detector-edge-ai/data/raw/WEDA-FALL/dataset/5Hz/F05/U10_R01_accel.csv,43,F05,"accel_time_list, accel_x_list, accel_y_list, accel_z_list"
/home/vinh_shindo/safewatch-fall-detector-edge-ai/data/raw/WEDA-FALL/dataset/5Hz/F05/U10_R02_accel.csv,43,F05,"accel_time_list, accel_x_list, accel_y_list, accel_z_list"
/home/vinh_shindo/safewatch-fall-detector-edge-ai/data/raw/WEDA-FALL/dataset/5Hz/F05/U10_R03_accel.csv,47,F05,"accel_time_list, accel_x_list, accel_y_list, accel_z_list"
/home/vinh_shindo/safewatch-fall-detector-edge-ai/data/raw/WEDA-FALL/dataset/5Hz/F05/U11_R01_accel.csv,65,F05,"accel_time_list, accel_x_list, accel_y_list, accel_z_list"
/home/vinh_shindo/safewatch-fall-detector-edge-ai/data/raw/WEDA-FALL/dataset/5Hz/F05/U11_R02_accel.csv,42,F05,"accel_time_list, accel_x_list, accel_y_list, accel_z_list"
/home/vinh_shindo/safewatch-fall-detector-edge-ai/data/raw/WEDA-FALL/dataset/5Hz/F05/U11_R03_accel.csv,46,F05,"accel_time_list, accel_x_list, accel_y_list, accel_z_list"
/home/vinh_shindo/safewatch-fall-detector-edge-ai/data/raw/WEDA-FALL/dataset/5Hz/F05/U12_R01_accel.csv,32,F05,"accel_time_list, accel_x_list, accel_y_list, accel_z_list"
/home/vinh_shindo/safewatch-fall-detector-edge-ai/data/raw/WEDA-FALL/dataset/5Hz/F05/U12_R02_accel.csv,51,F05,"accel_time_list, accel_x_list, accel_y_list, accel_z_list"
/home/vinh_shindo/safewatch-fall-detector-edge-ai/data/raw/WEDA-FALL/dataset/5Hz/F05/U12_R03_accel.csv,47,F05,"accel_time_list, accel_x_list, accel_y_list, accel_z_list"
/home/vinh_shindo/safewatch-fall-detector-edge-ai/data/raw/WEDA-FALL/dataset/5Hz/F05/U13_R01_accel.csv,32,F05,"accel_time_list, accel_x_list, accel_y_list, accel_z_list"
/home/vinh_shindo/safewatch-fall-detector-edge-ai/data/raw/WEDA-FALL/dataset/5Hz/F05/U13_R02_accel.csv,47,F05,"accel_time_list, accel_x_list, accel_y_list, accel_z_list"
/home/vinh_shindo/safewatch-fall-detector-edge-ai/data/raw/WEDA-FALL/dataset/5Hz/F05/U13_R03_accel.csv,62,F05,"accel_time_list, accel_x_list, accel_y_list, accel_z_list"
/home/vinh_shindo/safewatch-fall-detector-edge-ai/data/raw/WEDA-FALL/dataset/5Hz/F05/U14_R01_accel.csv,66,F05,"accel_time_list, accel_x_list, accel_y_list, accel_z_list"
/home/vinh_shindo/safewatch-fall-detector-edge-ai/data/raw/WEDA-FALL/dataset/5Hz/F05/U14_R02_accel.csv,65,F05,"accel_time_list, accel_x_list, accel_y_list, accel_z_list"
/home/vinh_shindo/safewatch-fall-detector-edge-ai/data/raw/WEDA-FALL/dataset/5Hz/F05/U14_R03_accel.csv,86,F05,"accel_time_list, accel_x_list, accel_y_list, accel_z_list"
/home/vinh_shindo/safewatch-fall-detector-edge-ai/data/raw/WEDA-FALL/dataset/5Hz/F06/U01_R01_accel.csv,79,F06,"accel_time_list, accel_x_list, accel_y_list, accel_z_list"
/home/vinh_shindo/safewatch-fall-detector-edge-ai/data/raw/WEDA-FALL/dataset/5Hz/F06/U01_R02_accel.csv,92,F06,"accel_time_list, accel_x_list, accel_y_list, accel_z_list"
/home/vinh_shindo/safewatch-fall-detector-edge-ai/data/raw/WEDA-FALL/dataset/5Hz/F06/U01_R03_accel.csv,89,F06,"accel_time_list, accel_x_list, accel_y_list, accel_z_list"
/home/vinh_shindo/safewatch-fall-detector-edge-ai/data/raw/WEDA-FALL/dataset/5Hz/F06/U02_R01_accel.csv,48,F06,"accel_time_list, accel_x_list, accel_y_list, accel_z_list"
/home/vinh_shindo/safewatch-fall-detector-edge-ai/data/raw/WEDA-FALL/dataset/5Hz/F06/U02_R02_accel.csv,60,F06,"accel_time_list, accel_x_list, accel_y_list, accel_z_list"
/home/vinh_shindo/safewatch-fall-detector-edge-ai/data/raw/WEDA-FALL/dataset/5Hz/F06/U02_R03_accel.csv,51,F06,"accel_time_list, accel_x_list, accel_y_list, accel_z_list"
/home/vinh_shindo/safewatch-fall-detector-edge-ai/data/raw/WEDA-FALL/dataset/5Hz/F06/U03_R01_accel.csv,56,F06,"accel_time_list, accel_x_list, accel_y_list, accel_z_list"
/home/vinh_shindo/safewatch-fall-detector-edge-ai/data/raw/WEDA-FALL/dataset/5Hz/F06/U03_R02_accel.csv,40,F06,"accel_time_list, accel_x_list, accel_y_list, accel_z_list"
/home/vinh_shindo/safewatch-fall-detector-edge-ai/data/raw/WEDA-FALL/dataset/5Hz/F06/U03_R03_accel.csv,48,F06,"accel_time_list, accel_x_list, accel_y_list, accel_z_list"
/home/vinh_shindo/safewatch-fall-detector-edge-ai/data/raw/WEDA-FALL/dataset/5Hz/F06/U04_R01_accel.csv,45,F06,"accel_time_list, accel_x_list, accel_y_list, accel_z_list"
/home/vinh_shindo/safewatch-fall-detector-edge-ai/data/raw/WEDA-FALL/dataset/5Hz/F06/U04_R02_accel.csv,42,F06,"accel_time_list, accel_x_list, accel_y_list, accel_z_list"
/home/vinh_shindo/safewatch-fall-detector-edge-ai/data/raw/WEDA-FALL/dataset/5Hz/F06/U04_R03_accel.csv,38,F06,"accel_time_list, accel_x_list, accel_y_list, accel_z_list"
/home/vinh_shindo/safewatch-fall-detector-edge-ai/data/raw/WEDA-FALL/dataset/5Hz/F06/U05_R01_accel.csv,66,F06,"accel_time_list, accel_x_list, accel_y_list, accel_z_list"
/home/vinh_shindo/safewatch-fall-detector-edge-ai/data/raw/WEDA-FALL/dataset/5Hz/F06/U05_R02_accel.csv,68,F06,"accel_time_list, accel_x_list, accel_y_list, accel_z_list"
/home/vinh_shindo/safewatch-fall-detector-edge-ai/data/raw/WEDA-FALL/dataset/5Hz/F06/U05_R03_accel.csv,59,F06,"accel_time_list, accel_x_list, accel_y_list, accel_z_list"
/home/vinh_shindo/safewatch-fall-detector-edge-ai/data/raw/WEDA-FALL/dataset/5Hz/F06/U06_R01_accel.csv,60,F06,"accel_time_list, accel_x_list, accel_y_list, accel_z_list"
/home/vinh_shindo/safewatch-fall-detector-edge-ai/data/raw/WEDA-FALL/dataset/5Hz/F06/U06_R02_accel.csv,74,F06,"accel_time_list, accel_x_list, accel_y_list, accel_z_list"
/home/vinh_shindo/safewatch-fall-detector-edge-ai/data/raw/WEDA-FALL/dataset/5Hz/F06/U06_R03_accel.csv,77,F06,"accel_time_list, accel_x_list, accel_y_list, accel_z_list"
/home/vinh_shindo/safewatch-fall-detector-edge-ai/data/raw/WEDA-FALL/dataset/5Hz/F06/U07_R01_accel.csv,51,F06,"accel_time_list, accel_x_list, accel_y_list, accel_z_list"
/home/vinh_shindo/safewatch-fall-detector-edge-ai/data/raw/WEDA-FALL/dataset/5Hz/F06/U07_R02_accel.csv,64,F06,"accel_time_list, accel_x_list, accel_y_list, accel_z_list"
/home/vinh_shindo/safewatch-fall-detector-edge-ai/data/raw/WEDA-FALL/dataset/5Hz/F06/U07_R03_accel.csv,54,F06,"accel_time_list, accel_x_list, accel_y_list, accel_z_list"
/home/vinh_shindo/safewatch-fall-detector-edge-ai/data/raw/WEDA-FALL/dataset/5Hz/F06/U08_R01_accel.csv,79,F06,"accel_time_list, accel_x_list, accel_y_list, accel_z_list"
/home/vinh_shindo/safewatch-fall-detector-edge-ai/data/raw/WEDA-FALL/dataset/5Hz/F06/U08_R02_accel.csv,58,F06,"accel_time_list, accel_x_list, accel_y_list, accel_z_list"
/home/vinh_shindo/safewatch-fall-detector-edge-ai/data/raw/WEDA-FALL/dataset/5Hz/F06/U08_R03_accel.csv,76,F06,"accel_time_list, accel_x_list, accel_y_list, accel_z_list"
/home/vinh_shindo/safewatch-fall-detector-edge-ai/data/raw/WEDA-FALL/dataset/5Hz/F06/U09_R01_accel.csv,60,F06,"accel_time_list, accel_x_list, accel_y_list, accel_z_list"
/home/vinh_shindo/safewatch-fall-detector-edge-ai/data/raw/WEDA-FALL/dataset/5Hz/F06/U09_R02_accel.csv,60,F06,"accel_time_list, accel_x_list, accel_y_list, accel_z_list"
/home/vinh_shindo/safewatch-fall-detector-edge-ai/data/raw/WEDA-FALL/dataset/5Hz/F06/U09_R03_accel.csv,66,F06,"accel_time_list, accel_x_list, accel_y_list, accel_z_list"
/home/vinh_shindo/safewatch-fall-detector-edge-ai/data/raw/WEDA-FALL/dataset/5Hz/F06/U10_R01_accel.csv,59,F06,"accel_time_list, accel_x_list, accel_y_list, accel_z_list"
/home/vinh_shindo/safewatch-fall-detector-edge-ai/data/raw/WEDA-FALL/dataset/5Hz/F06/U10_R02_accel.csv,55,F06,"accel_time_list, accel_x_list, accel_y_list, accel_z_list"
/home/vinh_shindo/safewatch-fall-detector-edge-ai/data/raw/WEDA-FALL/dataset/5Hz/F06/U10_R03_accel.csv,53,F06,"accel_time_list, accel_x_list, accel_y_list, accel_z_list"
/home/vinh_shindo/safewatch-fall-detector-edge-ai/data/raw/WEDA-FALL/dataset/5Hz/F06/U11_R01_accel.csv,52,F06,"accel_time_list, accel_x_list, accel_y_list, accel_z_list"
/home/vinh_shindo/safewatch-fall-detector-edge-ai/data/raw/WEDA-FALL/dataset/5Hz/F06/U11_R02_accel.csv,55,F06,"accel_time_list, accel_x_list, accel_y_list, accel_z_list"
/home/vinh_shindo/safewatch-fall-detector-edge-ai/data/raw/WEDA-FALL/dataset/5Hz/F06/U11_R03_accel.csv,50,F06,"accel_time_list, accel_x_list, accel_y_list, accel_z_list"
/home/vinh_shindo/safewatch-fall-detector-edge-ai/data/raw/WEDA-FALL/dataset/5Hz/F06/U12_R01_accel.csv,50,F06,"accel_time_list, accel_x_list, accel_y_list, accel_z_list"
/home/vinh_shindo/safewatch-fall-detector-edge-ai/data/raw/WEDA-FALL/dataset/5Hz/F06/U12_R02_accel.csv,46,F06,"accel_time_list, accel_x_list, accel_y_list, accel_z_list"
/home/vinh_shindo/safewatch-fall-detector-edge-ai/data/raw/WEDA-FALL/dataset/5Hz/F06/U12_R03_accel.csv,45,F06,"accel_time_list, accel_x_list, accel_y_list, accel_z_list"
/home/vinh_shindo/safewatch-fall-detector-edge-ai/data/raw/WEDA-FALL/dataset/5Hz/F06/U13_R01_accel.csv,60,F06,"accel_time_list, accel_x_list, accel_y_list, accel_z_list"
/home/vinh_shindo/safewatch-fall-detector-edge-ai/data/raw/WEDA-FALL/dataset/5Hz/F06/U13_R02_accel.csv,59,F06,"accel_time_list, accel_x_list, accel_y_list, accel_z_list"
/home/vinh_shindo/safewatch-fall-detector-edge-ai/data/raw/WEDA-FALL/dataset/5Hz/F06/U13_R03_accel.csv,50,F06,"accel_time_list, accel_x_list, accel_y_list, accel_z_list"
/home/vinh_shindo/safewatch-fall-detector-edge-ai/data/raw/WEDA-FALL/dataset/5Hz/F06/U14_R01_accel.csv,75,F06,"accel_time_list, accel_x_list, accel_y_list, accel_z_list"
/home/vinh_shindo/safewatch-fall-detector-edge-ai/data/raw/WEDA-FALL/dataset/5Hz/F06/U14_R02_accel.csv,66,F06,"accel_time_list, accel_x_list, accel_y_list, accel_z_list"
/home/vinh_shindo/safewatch-fall-detector-edge-ai/data/raw/WEDA-FALL/dataset/5Hz/F06/U14_R03_accel.csv,77,F06,"accel_time_list, accel_x_list, accel_y_list, accel_z_list"
/home/vinh_shindo/safewatch-fall-detector-edge-ai/data/raw/WEDA-FALL/dataset/5Hz/F07/U01_R01_accel.csv,74,F07,"accel_time_list, accel_x_list, accel_y_list, accel_z_list"
/home/vinh_shindo/safewatch-fall-detector-edge-ai/data/raw/WEDA-FALL/dataset/5Hz/F07/U01_R02_accel.csv,72,F07,"accel_time_list, accel_x_list, accel_y_list, accel_z_list"
/home/vinh_shindo/safewatch-fall-detector-edge-ai/data/raw/WEDA-FALL/dataset/5Hz/F07/U01_R03_accel.csv,57,F07,"accel_time_list, accel_x_list, accel_y_list, accel_z_list"
/home/vinh_shindo/safewatch-fall-detector-edge-ai/data/raw/WEDA-FALL/dataset/5Hz/F07/U02_R01_accel.csv,51,F07,"accel_time_list, accel_x_list, accel_y_list, accel_z_list"
/home/vinh_shindo/safewatch-fall-detector-edge-ai/data/raw/WEDA-FALL/dataset/5Hz/F07/U02_R02_accel.csv,44,F07,"accel_time_list, accel_x_list, accel_y_list, accel_z_list"
/home/vinh_shindo/safewatch-fall-detector-edge-ai/data/raw/WEDA-FALL/dataset/5Hz/F07/U02_R03_accel.csv,41,F07,"accel_time_list, accel_x_list, accel_y_list, accel_z_list"
/home/vinh_shindo/safewatch-fall-detector-edge-ai/data/raw/WEDA-FALL/dataset/5Hz/F07/U03_R01_accel.csv,46,F07,"accel_time_list, accel_x_list, accel_y_list, accel_z_list"
/home/vinh_shindo/safewatch-fall-detector-edge-ai/data/raw/WEDA-FALL/dataset/5Hz/F07/U03_R02_accel.csv,50,F07,"accel_time_list, accel_x_list, accel_y_list, accel_z_list"
/home/vinh_shindo/safewatch-fall-detector-edge-ai/data/raw/WEDA-FALL/dataset/5Hz/F07/U03_R03_accel.csv,48,F07,"accel_time_list, accel_x_list, accel_y_list, accel_z_list"
/home/vinh_shindo/safewatch-fall-detector-edge-ai/data/raw/WEDA-FALL/dataset/5Hz/F07/U04_R01_accel.csv,38,F07,"accel_time_list, accel_x_list, accel_y_list, accel_z_list"
/home/vinh_shindo/safewatch-fall-detector-edge-ai/data/raw/WEDA-FALL/dataset/5Hz/F07/U04_R02_accel.csv,41,F07,"accel_time_list, accel_x_list, accel_y_list, accel_z_list"
/home/vinh_shindo/safewatch-fall-detector-edge-ai/data/raw/WEDA-FALL/dataset/5Hz/F07/U04_R03_accel.csv,44,F07,"accel_time_list, accel_x_list, accel_y_list, accel_z_list"
/home/vinh_shindo/safewatch-fall-detector-edge-ai/data/raw/WEDA-FALL/dataset/5Hz/F07/U05_R01_accel.csv,69,F07,"accel_time_list, accel_x_list, accel_y_list, accel_z_list"
/home/vinh_shindo/safewatch-fall-detector-edge-ai/data/raw/WEDA-FALL/dataset/5Hz/F07/U05_R02_accel.csv,74,F07,"accel_time_list, accel_x_list, accel_y_list, accel_z_list"
/home/vinh_shindo/safewatch-fall-detector-edge-ai/data/raw/WEDA-FALL/dataset/5Hz/F07/U05_R03_accel.csv,70,F07,"accel_time_list, accel_x_list, accel_y_list, accel_z_list"
/home/vinh_shindo/safewatch-fall-detector-edge-ai/data/raw/WEDA-FALL/dataset/5Hz/F07/U06_R01_accel.csv,78,F07,"accel_time_list, accel_x_list, accel_y_list, accel_z_list"
/home/vinh_shindo/safewatch-fall-detector-edge-ai/data/raw/WEDA-FALL/dataset/5Hz/F07/U06_R02_accel.csv,65,F07,"accel_time_list, accel_x_list, accel_y_list, accel_z_list"
/home/vinh_shindo/safewatch-fall-detector-edge-ai/data/raw/WEDA-FALL/dataset/5Hz/F07/U06_R03_accel.csv,74,F07,"accel_time_list, accel_x_list, accel_y_list, accel_z_list"
/home/vinh_shindo/safewatch-fall-detector-edge-ai/data/raw/WEDA-FALL/dataset/5Hz/F07/U07_R01_accel.csv,57,F07,"accel_time_list, accel_x_list, accel_y_list, accel_z_list"
/home/vinh_shindo/safewatch-fall-detector-edge-ai/data/raw/WEDA-FALL/dataset/5Hz/F07/U07_R02_accel.csv,51,F07,"accel_time_list, accel_x_list, accel_y_list, accel_z_list"
/home/vinh_shindo/safewatch-fall-detector-edge-ai/data/raw/WEDA-FALL/dataset/5Hz/F07/U07_R03_accel.csv,52,F07,"accel_time_list, accel_x_list, accel_y_list, accel_z_list"
/home/vinh_shindo/safewatch-fall-detector-edge-ai/data/raw/WEDA-FALL/dataset/5Hz/F07/U08_R01_accel.csv,72,F07,"accel_time_list, accel_x_list, accel_y_list, accel_z_list"
/home/vinh_shindo/safewatch-fall-detector-edge-ai/data/raw/WEDA-FALL/dataset/5Hz/F07/U08_R02_accel.csv,59,F07,"accel_time_list, accel_x_list, accel_y_list, accel_z_list"
/home/vinh_shindo/safewatch-fall-detector-edge-ai/data/raw/WEDA-FALL/dataset/5Hz/F07/U08_R03_accel.csv,51,F07,"accel_time_list, accel_x_list, accel_y_list, accel_z_list"
/home/vinh_shindo/safewatch-fall-detector-edge-ai/data/raw/WEDA-FALL/dataset/5Hz/F07/U09_R01_accel.csv,61,F07,"accel_time_list, accel_x_list, accel_y_list, accel_z_list"
/home/vinh_shindo/safewatch-fall-detector-edge-ai/data/raw/WEDA-FALL/dataset/5Hz/F07/U09_R02_accel.csv,59,F07,"accel_time_list, accel_x_list, accel_y_list, accel_z_list"
/home/vinh_shindo/safewatch-fall-detector-edge-ai/data/raw/WEDA-FALL/dataset/5Hz/F07/U09_R03_accel.csv,55,F07,"accel_time_list, accel_x_list, accel_y_list, accel_z_list"
/home/vinh_shindo/safewatch-fall-detector-edge-ai/data/raw/WEDA-FALL/dataset/5Hz/F07/U10_R01_accel.csv,39,F07,"accel_time_list, accel_x_list, accel_y_list, accel_z_list"
/home/vinh_shindo/safewatch-fall-detector-edge-ai/data/raw/WEDA-FALL/dataset/5Hz/F07/U10_R02_accel.csv,48,F07,"accel_time_list, accel_x_list, accel_y_list, accel_z_list"
/home/vinh_shindo/safewatch-fall-detector-edge-ai/data/raw/WEDA-FALL/dataset/5Hz/F07/U10_R03_accel.csv,47,F07,"accel_time_list, accel_x_list, accel_y_list, accel_z_list"
/home/vinh_shindo/safewatch-fall-detector-edge-ai/data/raw/WEDA-FALL/dataset/5Hz/F07/U11_R01_accel.csv,45,F07,"accel_time_list, accel_x_list, accel_y_list, accel_z_list"
/home/vinh_shindo/safewatch-fall-detector-edge-ai/data/raw/WEDA-FALL/dataset/5Hz/F07/U11_R02_accel.csv,54,F07,"accel_time_list, accel_x_list, accel_y_list, accel_z_list"
/home/vinh_shindo/safewatch-fall-detector-edge-ai/data/raw/WEDA-FALL/dataset/5Hz/F07/U11_R03_accel.csv,48,F07,"accel_time_list, accel_x_list, accel_y_list, accel_z_list"
/home/vinh_shindo/safewatch-fall-detector-edge-ai/data/raw/WEDA-FALL/dataset/5Hz/F07/U12_R01_accel.csv,52,F07,"accel_time_list, accel_x_list, accel_y_list, accel_z_list"
/home/vinh_shindo/safewatch-fall-detector-edge-ai/data/raw/WEDA-FALL/dataset/5Hz/F07/U12_R02_accel.csv,51,F07,"accel_time_list, accel_x_list, accel_y_list, accel_z_list"
/home/vinh_shindo/safewatch-fall-detector-edge-ai/data/raw/WEDA-FALL/dataset/5Hz/F07/U12_R03_accel.csv,74,F07,"accel_time_list, accel_x_list, accel_y_list, accel_z_list"
/home/vinh_shindo/safewatch-fall-detector-edge-ai/data/raw/WEDA-FALL/dataset/5Hz/F07/U13_R01_accel.csv,55,F07,"accel_time_list, accel_x_list, accel_y_list, accel_z_list"
/home/vinh_shindo/safewatch-fall-detector-edge-ai/data/raw/WEDA-FALL/dataset/5Hz/F07/U13_R02_accel.csv,36,F07,"accel_time_list, accel_x_list, accel_y_list, accel_z_list"
/home/vinh_shindo/safewatch-fall-detector-edge-ai/data/raw/WEDA-FALL/dataset/5Hz/F07/U13_R03_accel.csv,41,F07,"accel_time_list, accel_x_list, accel_y_list, accel_z_list"
/home/vinh_shindo/safewatch-fall-detector-edge-ai/data/raw/WEDA-FALL/dataset/5Hz/F07/U14_R01_accel.csv,61,F07,"accel_time_list, accel_x_list, accel_y_list, accel_z_list"
/home/vinh_shindo/safewatch-fall-detector-edge-ai/data/raw/WEDA-FALL/dataset/5Hz/F07/U14_R02_accel.csv,62,F07,"accel_time_list, accel_x_list, accel_y_list, accel_z_list"
/home/vinh_shindo/safewatch-fall-detector-edge-ai/data/raw/WEDA-FALL/dataset/5Hz/F07/U14_R03_accel.csv,58,F07,"accel_time_list, accel_x_list, accel_y_list, accel_z_list"
/home/vinh_shindo/safewatch-fall-detector-edge-ai/data/raw/WEDA-FALL/dataset/5Hz/F08/U01_R01_accel.csv,81,F08,"accel_time_list, accel_x_list, accel_y_list, accel_z_list"
/home/vinh_shindo/safewatch-fall-detector-edge-ai/data/raw/WEDA-FALL/dataset/5Hz/F08/U01_R02_accel.csv,84,F08,"accel_time_list, accel_x_list, accel_y_list, accel_z_list"
/home/vinh_shindo/safewatch-fall-detector-edge-ai/data/raw/WEDA-FALL/dataset/5Hz/F08/U01_R03_accel.csv,79,F08,"accel_time_list, accel_x_list, accel_y_list, accel_z_list"
/home/vinh_shindo/safewatch-fall-detector-edge-ai/data/raw/WEDA-FALL/dataset/5Hz/F08/U01_R04_accel.csv,86,F08,"accel_time_list, accel_x_list, accel_y_list, accel_z_list"
/home/vinh_shindo/safewatch-fall-detector-edge-ai/data/raw/WEDA-FALL/dataset/5Hz/F08/U02_R01_accel.csv,52,F08,"accel_time_list, accel_x_list, accel_y_list, accel_z_list"
/home/vinh_shindo/safewatch-fall-detector-edge-ai/data/raw/WEDA-FALL/dataset/5Hz/F08/U02_R02_accel.csv,49,F08,"accel_time_list, accel_x_list, accel_y_list, accel_z_list"
/home/vinh_shindo/safewatch-fall-detector-edge-ai/data/raw/WEDA-FALL/dataset/5Hz/F08/U02_R03_accel.csv,48,F08,"accel_time_list, accel_x_list, accel_y_list, accel_z_list"
/home/vinh_shindo/safewatch-fall-detector-edge-ai/data/raw/WEDA-FALL/dataset/5Hz/F08/U02_R04_accel.csv,44,F08,"accel_time_list, accel_x_list, accel_y_list, accel_z_list"
/home/vinh_shindo/safewatch-fall-detector-edge-ai/data/raw/WEDA-FALL/dataset/5Hz/F08/U03_R01_accel.csv,49,F08,"accel_time_list, accel_x_list, accel_y_list, accel_z_list"
/home/vinh_shindo/safewatch-fall-detector-edge-ai/data/raw/WEDA-FALL/dataset/5Hz/F08/U03_R02_accel.csv,47,F08,"accel_time_list, accel_x_list, accel_y_list, accel_z_list"
/home/vinh_shindo/safewatch-fall-detector-edge-ai/data/raw/WEDA-FALL/dataset/5Hz/F08/U03_R03_accel.csv,40,F08,"accel_time_list, accel_x_list, accel_y_list, accel_z_list"
/home/vinh_shindo/safewatch-fall-detector-edge-ai/data/raw/WEDA-FALL/dataset/5Hz/F08/U03_R04_accel.csv,35,F08,"accel_time_list, accel_x_list, accel_y_list, accel_z_list"
/home/vinh_shindo/safewatch-fall-detector-edge-ai/data/raw/WEDA-FALL/dataset/5Hz/F08/U04_R01_accel.csv,38,F08,"accel_time_list, accel_x_list, accel_y_list, accel_z_list"
/home/vinh_shindo/safewatch-fall-detector-edge-ai/data/raw/WEDA-FALL/dataset/5Hz/F08/U04_R02_accel.csv,40,F08,"accel_time_list, accel_x_list, accel_y_list, accel_z_list"
/home/vinh_shindo/safewatch-fall-detector-edge-ai/data/raw/WEDA-FALL/dataset/5Hz/F08/U04_R03_accel.csv,29,F08,"accel_time_list, accel_x_list, accel_y_list, accel_z_list"
/home/vinh_shindo/safewatch-fall-detector-edge-ai/data/raw/WEDA-FALL/dataset/5Hz/F08/U04_R04_accel.csv,33,F08,"accel_time_list, accel_x_list, accel_y_list, accel_z_list"
/home/vinh_shindo/safewatch-fall-detector-edge-ai/data/raw/WEDA-FALL/dataset/5Hz/F08/U05_R01_accel.csv,63,F08,"accel_time_list, accel_x_list, accel_y_list, accel_z_list"
/home/vinh_shindo/safewatch-fall-detector-edge-ai/data/raw/WEDA-FALL/dataset/5Hz/F08/U05_R02_accel.csv,66,F08,"accel_time_list, accel_x_list, accel_y_list, accel_z_list"
/home/vinh_shindo/safewatch-fall-detector-edge-ai/data/raw/WEDA-FALL/dataset/5Hz/F08/U05_R03_accel.csv,48,F08,"accel_time_list, accel_x_list, accel_y_list, accel_z_list"
/home/vinh_shindo/safewatch-fall-detector-edge-ai/data/raw/WEDA-FALL/dataset/5Hz/F08/U05_R04_accel.csv,87,F08,"accel_time_list, accel_x_list, accel_y_list, accel_z_list"
/home/vinh_shindo/safewatch-fall-detector-edge-ai/data/raw/WEDA-FALL/dataset/5Hz/F08/U06_R01_accel.csv,69,F08,"accel_time_list, accel_x_list, accel_y_list, accel_z_list"
/home/vinh_shindo/safewatch-fall-detector-edge-ai/data/raw/WEDA-FALL/dataset/5Hz/F08/U06_R02_accel.csv,79,F08,"accel_time_list, accel_x_list, accel_y_list, accel_z_list"
/home/vinh_shindo/safewatch-fall-detector-edge-ai/data/raw/WEDA-FALL/dataset/5Hz/F08/U06_R03_accel.csv,66,F08,"accel_time_list, accel_x_list, accel_y_list, accel_z_list"
/home/vinh_shindo/safewatch-fall-detector-edge-ai/data/raw/WEDA-FALL/dataset/5Hz/F08/U06_R04_accel.csv,73,F08,"accel_time_list, accel_x_list, accel_y_list, accel_z_list"
/home/vinh_shindo/safewatch-fall-detector-edge-ai/data/raw/WEDA-FALL/dataset/5Hz/F08/U07_R01_accel.csv,48,F08,"accel_time_list, accel_x_list, accel_y_list, accel_z_list"
/home/vinh_shindo/safewatch-fall-detector-edge-ai/data/raw/WEDA-FALL/dataset/5Hz/F08/U07_R02_accel.csv,51,F08,"accel_time_list, accel_x_list, accel_y_list, accel_z_list"
/home/vinh_shindo/safewatch-fall-detector-edge-ai/data/raw/WEDA-FALL/dataset/5Hz/F08/U07_R03_accel.csv,51,F08,"accel_time_list, accel_x_list, accel_y_list, accel_z_list"
/home/vinh_shindo/safewatch-fall-detector-edge-ai/data/raw/WEDA-FALL/dataset/5Hz/F08/U07_R04_accel.csv,53,F08,"accel_time_list, accel_x_list, accel_y_list, accel_z_list"
/home/vinh_shindo/safewatch-fall-detector-edge-ai/data/raw/WEDA-FALL/dataset/5Hz/F08/U08_R01_accel.csv,60,F08,"accel_time_list, accel_x_list, accel_y_list, accel_z_list"
/home/vinh_shindo/safewatch-fall-detector-edge-ai/data/raw/WEDA-FALL/dataset/5Hz/F08/U08_R02_accel.csv,58,F08,"accel_time_list, accel_x_list, accel_y_list, accel_z_list"
/home/vinh_shindo/safewatch-fall-detector-edge-ai/data/raw/WEDA-FALL/dataset/5Hz/F08/U08_R03_accel.csv,63,F08,"accel_time_list, accel_x_list, accel_y_list, accel_z_list"
/home/vinh_shindo/safewatch-fall-detector-edge-ai/data/raw/WEDA-FALL/dataset/5Hz/F08/U08_R04_accel.csv,63,F08,"accel_time_list, accel_x_list, accel_y_list, accel_z_list"
/home/vinh_shindo/safewatch-fall-detector-edge-ai/data/raw/WEDA-FALL/dataset/5Hz/F08/U09_R01_accel.csv,53,F08,"accel_time_list, accel_x_list, accel_y_list, accel_z_list"
/home/vinh_shindo/safewatch-fall-detector-edge-ai/data/raw/WEDA-FALL/dataset/5Hz/F08/U09_R02_accel.csv,52,F08,"accel_time_list, accel_x_list, accel_y_list, accel_z_list"
/home/vinh_shindo/safewatch-fall-detector-edge-ai/data/raw/WEDA-FALL/dataset/5Hz/F08/U09_R03_accel.csv,63,F08,"accel_time_list, accel_x_list, accel_y_list, accel_z_list"
/home/vinh_shindo/safewatch-fall-detector-edge-ai/data/raw/WEDA-FALL/dataset/5Hz/F08/U09_R04_accel.csv,55,F08,"accel_time_list, accel_x_list, accel_y_list, accel_z_list"
/home/vinh_shindo/safewatch-fall-detector-edge-ai/data/raw/WEDA-FALL/dataset/5Hz/F08/U10_R01_accel.csv,44,F08,"accel_time_list, accel_x_list, accel_y_list, accel_z_list"
/home/vinh_shindo/safewatch-fall-detector-edge-ai/data/raw/WEDA-FALL/dataset/5Hz/F08/U10_R02_accel.csv,60,F08,"accel_time_list, accel_x_list, accel_y_list, accel_z_list"
/home/vinh_shindo/safewatch-fall-detector-edge-ai/data/raw/WEDA-FALL/dataset/5Hz/F08/U10_R03_accel.csv,56,F08,"accel_time_list, accel_x_list, accel_y_list, accel_z_list"
/home/vinh_shindo/safewatch-fall-detector-edge-ai/data/raw/WEDA-FALL/dataset/5Hz/F08/U10_R04_accel.csv,56,F08,"accel_time_list, accel_x_list, accel_y_list, accel_z_list"
/home/vinh_shindo/safewatch-fall-detector-edge-ai/data/raw/WEDA-FALL/dataset/5Hz/F08/U11_R01_accel.csv,46,F08,"accel_time_list, accel_x_list, accel_y_list, accel_z_list"
/home/vinh_shindo/safewatch-fall-detector-edge-ai/data/raw/WEDA-FALL/dataset/5Hz/F08/U11_R02_accel.csv,52,F08,"accel_time_list, accel_x_list, accel_y_list, accel_z_list"
/home/vinh_shindo/safewatch-fall-detector-edge-ai/data/raw/WEDA-FALL/dataset/5Hz/F08/U11_R03_accel.csv,43,F08,"accel_time_list, accel_x_list, accel_y_list, accel_z_list"
/home/vinh_shindo/safewatch-fall-detector-edge-ai/data/raw/WEDA-FALL/dataset/5Hz/F08/U11_R04_accel.csv,49,F08,"accel_time_list, accel_x_list, accel_y_list, accel_z_list"
/home/vinh_shindo/safewatch-fall-detector-edge-ai/data/raw/WEDA-FALL/dataset/5Hz/F08/U12_R01_accel.csv,46,F08,"accel_time_list, accel_x_list, accel_y_list, accel_z_list"
/home/vinh_shindo/safewatch-fall-detector-edge-ai/data/raw/WEDA-FALL/dataset/5Hz/F08/U12_R02_accel.csv,41,F08,"accel_time_list, accel_x_list, accel_y_list, accel_z_list"
/home/vinh_shindo/safewatch-fall-detector-edge-ai/data/raw/WEDA-FALL/dataset/5Hz/F08/U12_R03_accel.csv,41,F08,"accel_time_list, accel_x_list, accel_y_list, accel_z_list"
/home/vinh_shindo/safewatch-fall-detector-edge-ai/data/raw/WEDA-FALL/dataset/5Hz/F08/U12_R04_accel.csv,39,F08,"accel_time_list, accel_x_list, accel_y_list, accel_z_list"
/home/vinh_shindo/safewatch-fall-detector-edge-ai/data/raw/WEDA-FALL/dataset/5Hz/F08/U13_R01_accel.csv,60,F08,"accel_time_list, accel_x_list, accel_y_list, accel_z_list"
/home/vinh_shindo/safewatch-fall-detector-edge-ai/data/raw/WEDA-FALL/dataset/5Hz/F08/U13_R02_accel.csv,52,F08,"accel_time_list, accel_x_list, accel_y_list, accel_z_list"
/home/vinh_shindo/safewatch-fall-detector-edge-ai/data/raw/WEDA-FALL/dataset/5Hz/F08/U13_R03_accel.csv,58,F08,"accel_time_list, accel_x_list, accel_y_list, accel_z_list"
/home/vinh_shindo/safewatch-fall-detector-edge-ai/data/raw/WEDA-FALL/dataset/5Hz/F08/U13_R04_accel.csv,47,F08,"accel_time_list, accel_x_list, accel_y_list, accel_z_list"
/home/vinh_shindo/safewatch-fall-detector-edge-ai/data/raw/WEDA-FALL/dataset/5Hz/F08/U14_R01_accel.csv,60,F08,"accel_time_list, accel_x_list, accel_y_list, accel_z_list"
/home/vinh_shindo/safewatch-fall-detector-edge-ai/data/raw/WEDA-FALL/dataset/5Hz/F08/U14_R02_accel.csv,60,F08,"accel_time_list, accel_x_list, accel_y_list, accel_z_list"
/home/vinh_shindo/safewatch-fall-detector-edge-ai/data/raw/WEDA-FALL/dataset/5Hz/F08/U14_R03_accel.csv,54,F08,"accel_time_list, accel_x_list, accel_y_list, accel_z_list"
/home/vinh_shindo/safewatch-fall-detector-edge-ai/data/raw/WEDA-FALL/dataset/5Hz/F08/U14_R04_accel.csv,69,F08,"accel_time_list, accel_x_list, accel_y_list, accel_z_list"
